year,dhw,site_name
1986,0,Broward County 4
1987,0.46,Broward County 4
1988,0,Broward County 4
1989,0,Broward County 4
1990,0,Broward County 4
1991,0,Broward County 4
1992,0,Broward County 4
1993,0,Broward County 4
1994,0,Broward County 4
1995,0,Broward County 4
1996,0,Broward County 4
1997,0.74,Broward County 4
1998,0.68,Broward County 4
1999,0.15,Broward County 4
2000,0,Broward County 4
2001,0,Broward County 4
2002,0,Broward County 4
2003,0,Broward County 4
2004,0,Broward County 4
2005,3.1,Broward County 4
2006,0,Broward County 4
2007,0.31,Broward County 4
2008,0,Broward County 4
2009,0,Broward County 4
2010,0.16,Broward County 4
2011,0.17,Broward County 4
2012,0,Broward County 4
2013,0,Broward County 4
2014,1.15,Broward County 4
2015,0.75,Broward County 4
2016,0,Broward County 4
2017,0,Broward County 4
2018,0,Broward County 4
2019,0.29,Broward County 4
2020,0,Broward County 4
2021,0,Broward County 4
2022,2.49,Broward County 4
2023,11.34,Broward County 4
2024,3.49,Broward County 4
2025,6.35,Broward County 4
1986,0,Broward County 1
1987,0.46,Broward County 1
1988,0,Broward County 1
1989,0,Broward County 1
1990,0,Broward County 1
1991,0,Broward County 1
1992,0,Broward County 1
1993,0,Broward County 1
1994,0,Broward County 1
1995,0,Broward County 1
1996,0,Broward County 1
1997,0.74,Broward County 1
1998,0.68,Broward County 1
1999,0.15,Broward County 1
2000,0,Broward County 1
2001,0,Broward County 1
2002,0,Broward County 1
2003,0,Broward County 1
2004,0,Broward County 1
2005,3.1,Broward County 1
2006,0,Broward County 1
2007,0.31,Broward County 1
2008,0,Broward County 1
2009,0,Broward County 1
2010,0.16,Broward County 1
2011,0.17,Broward County 1
2012,0,Broward County 1
2013,0,Broward County 1
2014,1.15,Broward County 1
2015,0.75,Broward County 1
2016,0,Broward County 1
2017,0,Broward County 1
2018,0,Broward County 1
2019,0.29,Broward County 1
2020,0,Broward County 1
2021,0,Broward County 1
2022,2.49,Broward County 1
2023,11.34,Broward County 1
2024,3.49,Broward County 1
2025,6.35,Broward County 1
1986,0,Broward County 2
1987,0.31,Broward County 2
1988,0,Broward County 2
1989,0,Broward County 2
1990,0,Broward County 2
1991,0,Broward County 2
1992,0,Broward County 2
1993,0,Broward County 2
1994,0,Broward County 2
1995,0,Broward County 2
1996,0,Broward County 2
1997,0.73,Broward County 2
1998,0.68,Broward County 2
1999,0.15,Broward County 2
2000,0,Broward County 2
2001,0,Broward County 2
2002,0,Broward County 2
2003,0,Broward County 2
2004,0,Broward County 2
2005,2.79,Broward County 2
2006,0,Broward County 2
2007,0.31,Broward County 2
2008,0,Broward County 2
2009,0,Broward County 2
2010,0.16,Broward County 2
2011,0.31,Broward County 2
2012,0,Broward County 2
2013,0,Broward County 2
2014,1.16,Broward County 2
2015,0.46,Broward County 2
2016,0,Broward County 2
2017,0,Broward County 2
2018,0,Broward County 2
2019,0.29,Broward County 2
2020,0,Broward County 2
2021,0,Broward County 2
2022,2.18,Broward County 2
2023,10.86,Broward County 2
2024,3.49,Broward County 2
2025,6.14,Broward County 2
1986,0,Broward County 5
1987,0.45,Broward County 5
1988,0,Broward County 5
1989,0,Broward County 5
1990,0,Broward County 5
1991,0,Broward County 5
1992,0,Broward County 5
1993,0,Broward County 5
1994,0,Broward County 5
1995,0,Broward County 5
1996,0,Broward County 5
1997,0.73,Broward County 5
1998,0.7,Broward County 5
1999,0.14,Broward County 5
2000,0,Broward County 5
2001,0,Broward County 5
2002,0,Broward County 5
2003,0,Broward County 5
2004,0.15,Broward County 5
2005,2.82,Broward County 5
2006,0,Broward County 5
2007,0.31,Broward County 5
2008,0,Broward County 5
2009,0,Broward County 5
2010,0.3,Broward County 5
2011,0.47,Broward County 5
2012,0,Broward County 5
2013,0,Broward County 5
2014,1.47,Broward County 5
2015,0.61,Broward County 5
2016,0,Broward County 5
2017,0,Broward County 5
2018,0,Broward County 5
2019,0.15,Broward County 5
2020,0,Broward County 5
2021,0,Broward County 5
2022,2.16,Broward County 5
2023,11.35,Broward County 5
2024,3.49,Broward County 5
2025,6.19,Broward County 5
1986,0,"Sunrise Blvd, FL"
1987,0.46,"Sunrise Blvd, FL"
1988,0,"Sunrise Blvd, FL"
1989,0,"Sunrise Blvd, FL"
1990,0,"Sunrise Blvd, FL"
1991,0,"Sunrise Blvd, FL"
1992,0,"Sunrise Blvd, FL"
1993,0,"Sunrise Blvd, FL"
1994,0,"Sunrise Blvd, FL"
1995,0,"Sunrise Blvd, FL"
1996,0,"Sunrise Blvd, FL"
1997,0.74,"Sunrise Blvd, FL"
1998,0.68,"Sunrise Blvd, FL"
1999,0.15,"Sunrise Blvd, FL"
2000,0,"Sunrise Blvd, FL"
2001,0,"Sunrise Blvd, FL"
2002,0,"Sunrise Blvd, FL"
2003,0,"Sunrise Blvd, FL"
2004,0,"Sunrise Blvd, FL"
2005,3.1,"Sunrise Blvd, FL"
2006,0,"Sunrise Blvd, FL"
2007,0.31,"Sunrise Blvd, FL"
2008,0,"Sunrise Blvd, FL"
2009,0,"Sunrise Blvd, FL"
2010,0.16,"Sunrise Blvd, FL"
2011,0.17,"Sunrise Blvd, FL"
2012,0,"Sunrise Blvd, FL"
2013,0,"Sunrise Blvd, FL"
2014,1.15,"Sunrise Blvd, FL"
2015,0.75,"Sunrise Blvd, FL"
2016,0,"Sunrise Blvd, FL"
2017,0,"Sunrise Blvd, FL"
2018,0,"Sunrise Blvd, FL"
2019,0.29,"Sunrise Blvd, FL"
2020,0,"Sunrise Blvd, FL"
2021,0,"Sunrise Blvd, FL"
2022,2.49,"Sunrise Blvd, FL"
2023,11.34,"Sunrise Blvd, FL"
2024,3.49,"Sunrise Blvd, FL"
2025,6.35,"Sunrise Blvd, FL"
1986,0,Broward County A
1987,0.46,Broward County A
1988,0,Broward County A
1989,0,Broward County A
1990,0,Broward County A
1991,0,Broward County A
1992,0,Broward County A
1993,0,Broward County A
1994,0,Broward County A
1995,0,Broward County A
1996,0,Broward County A
1997,0.74,Broward County A
1998,0.68,Broward County A
1999,0.15,Broward County A
2000,0,Broward County A
2001,0,Broward County A
2002,0,Broward County A
2003,0,Broward County A
2004,0,Broward County A
2005,3.1,Broward County A
2006,0,Broward County A
2007,0.31,Broward County A
2008,0,Broward County A
2009,0,Broward County A
2010,0.16,Broward County A
2011,0.17,Broward County A
2012,0,Broward County A
2013,0,Broward County A
2014,1.15,Broward County A
2015,0.75,Broward County A
2016,0,Broward County A
2017,0,Broward County A
2018,0,Broward County A
2019,0.29,Broward County A
2020,0,Broward County A
2021,0,Broward County A
2022,2.49,Broward County A
2023,11.34,Broward County A
2024,3.49,Broward County A
2025,6.35,Broward County A
1986,0,John U. Lloyd Beach State Park
1987,0.46,John U. Lloyd Beach State Park
1988,0,John U. Lloyd Beach State Park
1989,0,John U. Lloyd Beach State Park
1990,0,John U. Lloyd Beach State Park
1991,0,John U. Lloyd Beach State Park
1992,0,John U. Lloyd Beach State Park
1993,0,John U. Lloyd Beach State Park
1994,0,John U. Lloyd Beach State Park
1995,0,John U. Lloyd Beach State Park
1996,0,John U. Lloyd Beach State Park
1997,0.74,John U. Lloyd Beach State Park
1998,0.68,John U. Lloyd Beach State Park
1999,0.15,John U. Lloyd Beach State Park
2000,0,John U. Lloyd Beach State Park
2001,0,John U. Lloyd Beach State Park
2002,0,John U. Lloyd Beach State Park
2003,0,John U. Lloyd Beach State Park
2004,0,John U. Lloyd Beach State Park
2005,2.93,John U. Lloyd Beach State Park
2006,0,John U. Lloyd Beach State Park
2007,0.3,John U. Lloyd Beach State Park
2008,0,John U. Lloyd Beach State Park
2009,0,John U. Lloyd Beach State Park
2010,0.15,John U. Lloyd Beach State Park
2011,0.17,John U. Lloyd Beach State Park
2012,0,John U. Lloyd Beach State Park
2013,0,John U. Lloyd Beach State Park
2014,1.13,John U. Lloyd Beach State Park
2015,0.92,John U. Lloyd Beach State Park
2016,0,John U. Lloyd Beach State Park
2017,0.14,John U. Lloyd Beach State Park
2018,0,John U. Lloyd Beach State Park
2019,0.14,John U. Lloyd Beach State Park
2020,0,John U. Lloyd Beach State Park
2021,0,John U. Lloyd Beach State Park
2022,2.6,John U. Lloyd Beach State Park
2023,10.43,John U. Lloyd Beach State Park
2024,3.38,John U. Lloyd Beach State Park
2025,5.92,John U. Lloyd Beach State Park
1986,0,Broward County 3
1987,0.31,Broward County 3
1988,0,Broward County 3
1989,0,Broward County 3
1990,0,Broward County 3
1991,0,Broward County 3
1992,0,Broward County 3
1993,0,Broward County 3
1994,0,Broward County 3
1995,0,Broward County 3
1996,0,Broward County 3
1997,0.73,Broward County 3
1998,0.68,Broward County 3
1999,0.15,Broward County 3
2000,0,Broward County 3
2001,0,Broward County 3
2002,0,Broward County 3
2003,0,Broward County 3
2004,0,Broward County 3
2005,2.79,Broward County 3
2006,0,Broward County 3
2007,0.31,Broward County 3
2008,0,Broward County 3
2009,0,Broward County 3
2010,0.16,Broward County 3
2011,0.31,Broward County 3
2012,0,Broward County 3
2013,0,Broward County 3
2014,1.16,Broward County 3
2015,0.46,Broward County 3
2016,0,Broward County 3
2017,0,Broward County 3
2018,0,Broward County 3
2019,0.29,Broward County 3
2020,0,Broward County 3
2021,0,Broward County 3
2022,2.18,Broward County 3
2023,10.86,Broward County 3
2024,3.49,Broward County 3
2025,6.14,Broward County 3
1986,0,Rock Key Shallow
1987,0.32,Rock Key Shallow
1988,0,Rock Key Shallow
1989,0.15,Rock Key Shallow
1990,0,Rock Key Shallow
1991,1.53,Rock Key Shallow
1992,0,Rock Key Shallow
1993,0.96,Rock Key Shallow
1994,0,Rock Key Shallow
1995,0,Rock Key Shallow
1996,0,Rock Key Shallow
1997,4.03,Rock Key Shallow
1998,2.11,Rock Key Shallow
1999,1.51,Rock Key Shallow
2000,0.68,Rock Key Shallow
2001,0,Rock Key Shallow
2002,0,Rock Key Shallow
2003,0.5,Rock Key Shallow
2004,1.22,Rock Key Shallow
2005,5.85,Rock Key Shallow
2006,0.14,Rock Key Shallow
2007,6.13,Rock Key Shallow
2008,0.78,Rock Key Shallow
2009,3.2,Rock Key Shallow
2010,3.37,Rock Key Shallow
2011,5.56,Rock Key Shallow
2012,0.75,Rock Key Shallow
2013,0.14,Rock Key Shallow
2014,6.83,Rock Key Shallow
2015,8,Rock Key Shallow
2016,1.79,Rock Key Shallow
2017,1.98,Rock Key Shallow
2018,2.53,Rock Key Shallow
2019,4.19,Rock Key Shallow
2020,4.67,Rock Key Shallow
2021,3.83,Rock Key Shallow
2022,7.2,Rock Key Shallow
2023,18.39,Rock Key Shallow
2024,11.09,Rock Key Shallow
2025,8.51,Rock Key Shallow
1986,0,Sand Key Shallow
1987,0.32,Sand Key Shallow
1988,0,Sand Key Shallow
1989,0.15,Sand Key Shallow
1990,0,Sand Key Shallow
1991,1.53,Sand Key Shallow
1992,0,Sand Key Shallow
1993,0.96,Sand Key Shallow
1994,0,Sand Key Shallow
1995,0,Sand Key Shallow
1996,0,Sand Key Shallow
1997,4.03,Sand Key Shallow
1998,2.11,Sand Key Shallow
1999,1.51,Sand Key Shallow
2000,0.68,Sand Key Shallow
2001,0,Sand Key Shallow
2002,0,Sand Key Shallow
2003,0.5,Sand Key Shallow
2004,1.22,Sand Key Shallow
2005,5.85,Sand Key Shallow
2006,0.14,Sand Key Shallow
2007,6.13,Sand Key Shallow
2008,0.78,Sand Key Shallow
2009,3.2,Sand Key Shallow
2010,3.37,Sand Key Shallow
2011,5.56,Sand Key Shallow
2012,0.75,Sand Key Shallow
2013,0.14,Sand Key Shallow
2014,6.83,Sand Key Shallow
2015,8,Sand Key Shallow
2016,1.79,Sand Key Shallow
2017,1.98,Sand Key Shallow
2018,2.53,Sand Key Shallow
2019,4.19,Sand Key Shallow
2020,4.67,Sand Key Shallow
2021,3.83,Sand Key Shallow
2022,7.2,Sand Key Shallow
2023,18.39,Sand Key Shallow
2024,11.09,Sand Key Shallow
2025,8.51,Sand Key Shallow
1986,0,Rock Key Deep
1987,0.32,Rock Key Deep
1988,0,Rock Key Deep
1989,0.15,Rock Key Deep
1990,0,Rock Key Deep
1991,1.53,Rock Key Deep
1992,0,Rock Key Deep
1993,0.96,Rock Key Deep
1994,0,Rock Key Deep
1995,0,Rock Key Deep
1996,0,Rock Key Deep
1997,4.03,Rock Key Deep
1998,2.11,Rock Key Deep
1999,1.51,Rock Key Deep
2000,0.68,Rock Key Deep
2001,0,Rock Key Deep
2002,0,Rock Key Deep
2003,0.5,Rock Key Deep
2004,1.22,Rock Key Deep
2005,5.85,Rock Key Deep
2006,0.14,Rock Key Deep
2007,6.13,Rock Key Deep
2008,0.78,Rock Key Deep
2009,3.2,Rock Key Deep
2010,3.37,Rock Key Deep
2011,5.56,Rock Key Deep
2012,0.75,Rock Key Deep
2013,0.14,Rock Key Deep
2014,6.83,Rock Key Deep
2015,8,Rock Key Deep
2016,1.79,Rock Key Deep
2017,1.98,Rock Key Deep
2018,2.53,Rock Key Deep
2019,4.19,Rock Key Deep
2020,4.67,Rock Key Deep
2021,3.83,Rock Key Deep
2022,7.2,Rock Key Deep
2023,18.39,Rock Key Deep
2024,11.09,Rock Key Deep
2025,8.51,Rock Key Deep
1986,0,Sand Key Deep
1987,0.32,Sand Key Deep
1988,0,Sand Key Deep
1989,0.15,Sand Key Deep
1990,0,Sand Key Deep
1991,1.53,Sand Key Deep
1992,0,Sand Key Deep
1993,0.96,Sand Key Deep
1994,0,Sand Key Deep
1995,0,Sand Key Deep
1996,0,Sand Key Deep
1997,4.03,Sand Key Deep
1998,2.11,Sand Key Deep
1999,1.51,Sand Key Deep
2000,0.68,Sand Key Deep
2001,0,Sand Key Deep
2002,0,Sand Key Deep
2003,0.5,Sand Key Deep
2004,1.22,Sand Key Deep
2005,5.85,Sand Key Deep
2006,0.14,Sand Key Deep
2007,6.13,Sand Key Deep
2008,0.78,Sand Key Deep
2009,3.2,Sand Key Deep
2010,3.37,Sand Key Deep
2011,5.56,Sand Key Deep
2012,0.75,Sand Key Deep
2013,0.14,Sand Key Deep
2014,6.83,Sand Key Deep
2015,8,Sand Key Deep
2016,1.79,Sand Key Deep
2017,1.98,Sand Key Deep
2018,2.53,Sand Key Deep
2019,4.19,Sand Key Deep
2020,4.67,Sand Key Deep
2021,3.83,Sand Key Deep
2022,7.2,Sand Key Deep
2023,18.39,Sand Key Deep
2024,11.09,Sand Key Deep
2025,8.51,Sand Key Deep
1986,0,Eastern Sambo Shallow
1987,0.34,Eastern Sambo Shallow
1988,0,Eastern Sambo Shallow
1989,0,Eastern Sambo Shallow
1990,0,Eastern Sambo Shallow
1991,1.63,Eastern Sambo Shallow
1992,0,Eastern Sambo Shallow
1993,0.79,Eastern Sambo Shallow
1994,0,Eastern Sambo Shallow
1995,0,Eastern Sambo Shallow
1996,0,Eastern Sambo Shallow
1997,3.66,Eastern Sambo Shallow
1998,2.07,Eastern Sambo Shallow
1999,1.54,Eastern Sambo Shallow
2000,0.69,Eastern Sambo Shallow
2001,0,Eastern Sambo Shallow
2002,0,Eastern Sambo Shallow
2003,0.3,Eastern Sambo Shallow
2004,1.02,Eastern Sambo Shallow
2005,4.66,Eastern Sambo Shallow
2006,0,Eastern Sambo Shallow
2007,4.66,Eastern Sambo Shallow
2008,0.15,Eastern Sambo Shallow
2009,1.33,Eastern Sambo Shallow
2010,2.69,Eastern Sambo Shallow
2011,4.95,Eastern Sambo Shallow
2012,0.73,Eastern Sambo Shallow
2013,0,Eastern Sambo Shallow
2014,5.12,Eastern Sambo Shallow
2015,6.96,Eastern Sambo Shallow
2016,2.52,Eastern Sambo Shallow
2017,1.43,Eastern Sambo Shallow
2018,2.38,Eastern Sambo Shallow
2019,2.91,Eastern Sambo Shallow
2020,4.04,Eastern Sambo Shallow
2021,2.71,Eastern Sambo Shallow
2022,6.04,Eastern Sambo Shallow
2023,17.54,Eastern Sambo Shallow
2024,9.66,Eastern Sambo Shallow
2025,8.39,Eastern Sambo Shallow
1986,0,Western Sambo Shallow
1987,0.34,Western Sambo Shallow
1988,0,Western Sambo Shallow
1989,0,Western Sambo Shallow
1990,0,Western Sambo Shallow
1991,1.64,Western Sambo Shallow
1992,0,Western Sambo Shallow
1993,0.81,Western Sambo Shallow
1994,0,Western Sambo Shallow
1995,0,Western Sambo Shallow
1996,0,Western Sambo Shallow
1997,3.81,Western Sambo Shallow
1998,2.09,Western Sambo Shallow
1999,1.53,Western Sambo Shallow
2000,0.69,Western Sambo Shallow
2001,0,Western Sambo Shallow
2002,0,Western Sambo Shallow
2003,0.46,Western Sambo Shallow
2004,0.87,Western Sambo Shallow
2005,4.78,Western Sambo Shallow
2006,0.14,Western Sambo Shallow
2007,4.87,Western Sambo Shallow
2008,0.44,Western Sambo Shallow
2009,1.5,Western Sambo Shallow
2010,2.97,Western Sambo Shallow
2011,5.16,Western Sambo Shallow
2012,0.74,Western Sambo Shallow
2013,0,Western Sambo Shallow
2014,5.55,Western Sambo Shallow
2015,7.24,Western Sambo Shallow
2016,2.59,Western Sambo Shallow
2017,1.76,Western Sambo Shallow
2018,2.4,Western Sambo Shallow
2019,3.08,Western Sambo Shallow
2020,4.24,Western Sambo Shallow
2021,3.2,Western Sambo Shallow
2022,6.38,Western Sambo Shallow
2023,17.72,Western Sambo Shallow
2024,9.92,Western Sambo Shallow
2025,8.24,Western Sambo Shallow
1986,0,Eastern Sambo Deep
1987,0.34,Eastern Sambo Deep
1988,0,Eastern Sambo Deep
1989,0,Eastern Sambo Deep
1990,0,Eastern Sambo Deep
1991,1.63,Eastern Sambo Deep
1992,0,Eastern Sambo Deep
1993,0.79,Eastern Sambo Deep
1994,0,Eastern Sambo Deep
1995,0,Eastern Sambo Deep
1996,0,Eastern Sambo Deep
1997,3.66,Eastern Sambo Deep
1998,2.07,Eastern Sambo Deep
1999,1.54,Eastern Sambo Deep
2000,0.69,Eastern Sambo Deep
2001,0,Eastern Sambo Deep
2002,0,Eastern Sambo Deep
2003,0.3,Eastern Sambo Deep
2004,1.02,Eastern Sambo Deep
2005,4.66,Eastern Sambo Deep
2006,0,Eastern Sambo Deep
2007,4.66,Eastern Sambo Deep
2008,0.15,Eastern Sambo Deep
2009,1.33,Eastern Sambo Deep
2010,2.69,Eastern Sambo Deep
2011,4.95,Eastern Sambo Deep
2012,0.73,Eastern Sambo Deep
2013,0,Eastern Sambo Deep
2014,5.12,Eastern Sambo Deep
2015,6.96,Eastern Sambo Deep
2016,2.52,Eastern Sambo Deep
2017,1.43,Eastern Sambo Deep
2018,2.38,Eastern Sambo Deep
2019,2.91,Eastern Sambo Deep
2020,4.04,Eastern Sambo Deep
2021,2.71,Eastern Sambo Deep
2022,6.04,Eastern Sambo Deep
2023,17.54,Eastern Sambo Deep
2024,9.66,Eastern Sambo Deep
2025,8.39,Eastern Sambo Deep
1986,0,Western Sambo Deep
1987,0.34,Western Sambo Deep
1988,0,Western Sambo Deep
1989,0,Western Sambo Deep
1990,0,Western Sambo Deep
1991,1.64,Western Sambo Deep
1992,0,Western Sambo Deep
1993,0.81,Western Sambo Deep
1994,0,Western Sambo Deep
1995,0,Western Sambo Deep
1996,0,Western Sambo Deep
1997,3.81,Western Sambo Deep
1998,2.09,Western Sambo Deep
1999,1.53,Western Sambo Deep
2000,0.69,Western Sambo Deep
2001,0,Western Sambo Deep
2002,0,Western Sambo Deep
2003,0.46,Western Sambo Deep
2004,0.87,Western Sambo Deep
2005,4.78,Western Sambo Deep
2006,0.14,Western Sambo Deep
2007,4.87,Western Sambo Deep
2008,0.44,Western Sambo Deep
2009,1.5,Western Sambo Deep
2010,2.97,Western Sambo Deep
2011,5.16,Western Sambo Deep
2012,0.74,Western Sambo Deep
2013,0,Western Sambo Deep
2014,5.55,Western Sambo Deep
2015,7.24,Western Sambo Deep
2016,2.59,Western Sambo Deep
2017,1.76,Western Sambo Deep
2018,2.4,Western Sambo Deep
2019,3.08,Western Sambo Deep
2020,4.24,Western Sambo Deep
2021,3.2,Western Sambo Deep
2022,6.38,Western Sambo Deep
2023,17.72,Western Sambo Deep
2024,9.92,Western Sambo Deep
2025,8.24,Western Sambo Deep
1986,0,Wonderland
1987,0.36,Wonderland
1988,0,Wonderland
1989,0,Wonderland
1990,0,Wonderland
1991,1.83,Wonderland
1992,0,Wonderland
1993,0.79,Wonderland
1994,0,Wonderland
1995,0,Wonderland
1996,0,Wonderland
1997,4.06,Wonderland
1998,2.07,Wonderland
1999,1.87,Wonderland
2000,1.05,Wonderland
2001,0,Wonderland
2002,0,Wonderland
2003,0.6,Wonderland
2004,2.38,Wonderland
2005,6.27,Wonderland
2006,0,Wonderland
2007,7.41,Wonderland
2008,0.3,Wonderland
2009,3.85,Wonderland
2010,5.34,Wonderland
2011,5.7,Wonderland
2012,1.31,Wonderland
2013,0,Wonderland
2014,6.42,Wonderland
2015,7.71,Wonderland
2016,4.74,Wonderland
2017,3.12,Wonderland
2018,3.7,Wonderland
2019,6.01,Wonderland
2020,7.28,Wonderland
2021,4.19,Wonderland
2022,7.93,Wonderland
2023,20.19,Wonderland
2024,10.52,Wonderland
2025,10.58,Wonderland
1986,0,Red Dun Reef
1987,0.34,Red Dun Reef
1988,0,Red Dun Reef
1989,0,Red Dun Reef
1990,0,Red Dun Reef
1991,1.82,Red Dun Reef
1992,0,Red Dun Reef
1993,0.94,Red Dun Reef
1994,0,Red Dun Reef
1995,0,Red Dun Reef
1996,0,Red Dun Reef
1997,4.02,Red Dun Reef
1998,2.11,Red Dun Reef
1999,1.68,Red Dun Reef
2000,0.86,Red Dun Reef
2001,0,Red Dun Reef
2002,0,Red Dun Reef
2003,0.62,Red Dun Reef
2004,1.39,Red Dun Reef
2005,5.56,Red Dun Reef
2006,0,Red Dun Reef
2007,6.7,Red Dun Reef
2008,0.46,Red Dun Reef
2009,2.67,Red Dun Reef
2010,4,Red Dun Reef
2011,5.51,Red Dun Reef
2012,0.98,Red Dun Reef
2013,0,Red Dun Reef
2014,6.1,Red Dun Reef
2015,7.81,Red Dun Reef
2016,3.86,Red Dun Reef
2017,2.43,Red Dun Reef
2018,3.14,Red Dun Reef
2019,4.91,Red Dun Reef
2020,5.81,Red Dun Reef
2021,4,Red Dun Reef
2022,7.13,Red Dun Reef
2023,19,Red Dun Reef
2024,10.81,Red Dun Reef
2025,9.28,Red Dun Reef
1986,0,West Washer Women
1987,0.35,West Washer Women
1988,0,West Washer Women
1989,0,West Washer Women
1990,0,West Washer Women
1991,1.8,West Washer Women
1992,0,West Washer Women
1993,0.93,West Washer Women
1994,0,West Washer Women
1995,0,West Washer Women
1996,0,West Washer Women
1997,4,West Washer Women
1998,2.07,West Washer Women
1999,1.71,West Washer Women
2000,0.72,West Washer Women
2001,0,West Washer Women
2002,0,West Washer Women
2003,0.3,West Washer Women
2004,1.43,West Washer Women
2005,4.98,West Washer Women
2006,0,West Washer Women
2007,6.01,West Washer Women
2008,0.29,West Washer Women
2009,2.15,West Washer Women
2010,3.76,West Washer Women
2011,5.43,West Washer Women
2012,0.8,West Washer Women
2013,0,West Washer Women
2014,5.68,West Washer Women
2015,7.08,West Washer Women
2016,3.9,West Washer Women
2017,2.21,West Washer Women
2018,3.15,West Washer Women
2019,4.92,West Washer Women
2020,5.66,West Washer Women
2021,3.7,West Washer Women
2022,7.19,West Washer Women
2023,18.71,West Washer Women
2024,10.26,West Washer Women
2025,9.34,West Washer Women
1986,0,Davis Rock
1987,0.3,Davis Rock
1988,0,Davis Rock
1989,0,Davis Rock
1990,0,Davis Rock
1991,1.55,Davis Rock
1992,0,Davis Rock
1993,0.46,Davis Rock
1994,0,Davis Rock
1995,0,Davis Rock
1996,0,Davis Rock
1997,3.89,Davis Rock
1998,2.58,Davis Rock
1999,1.49,Davis Rock
2000,0.73,Davis Rock
2001,0,Davis Rock
2002,0,Davis Rock
2003,0,Davis Rock
2004,0.45,Davis Rock
2005,0.46,Davis Rock
2006,0,Davis Rock
2007,0.97,Davis Rock
2008,0,Davis Rock
2009,0.85,Davis Rock
2010,1,Davis Rock
2011,3.97,Davis Rock
2012,0,Davis Rock
2013,0,Davis Rock
2014,3.37,Davis Rock
2015,6.27,Davis Rock
2016,0,Davis Rock
2017,0.33,Davis Rock
2018,0,Davis Rock
2019,1.7,Davis Rock
2020,0.91,Davis Rock
2021,0.3,Davis Rock
2022,3.64,Davis Rock
2023,14.4,Davis Rock
2024,6.48,Davis Rock
2025,6.42,Davis Rock
1986,0,Texas Rock
1987,0.15,Texas Rock
1988,0,Texas Rock
1989,0,Texas Rock
1990,0,Texas Rock
1991,1.58,Texas Rock
1992,0,Texas Rock
1993,0.46,Texas Rock
1994,0,Texas Rock
1995,0,Texas Rock
1996,0,Texas Rock
1997,3.95,Texas Rock
1998,2.61,Texas Rock
1999,1.8,Texas Rock
2000,0.74,Texas Rock
2001,0,Texas Rock
2002,0,Texas Rock
2003,0,Texas Rock
2004,0.29,Texas Rock
2005,1.06,Texas Rock
2006,0,Texas Rock
2007,1.29,Texas Rock
2008,0,Texas Rock
2009,0.86,Texas Rock
2010,1,Texas Rock
2011,3.99,Texas Rock
2012,0,Texas Rock
2013,0,Texas Rock
2014,4.03,Texas Rock
2015,6.41,Texas Rock
2016,0,Texas Rock
2017,0.33,Texas Rock
2018,0,Texas Rock
2019,1.73,Texas Rock
2020,0.93,Texas Rock
2021,0.6,Texas Rock
2022,3.69,Texas Rock
2023,14.86,Texas Rock
2024,6.24,Texas Rock
2025,6.42,Texas Rock
1986,0,Mayer's Peak
1987,0.3,Mayer's Peak
1988,0,Mayer's Peak
1989,0,Mayer's Peak
1990,0,Mayer's Peak
1991,1.54,Mayer's Peak
1992,0,Mayer's Peak
1993,0.31,Mayer's Peak
1994,0,Mayer's Peak
1995,0,Mayer's Peak
1996,0,Mayer's Peak
1997,3.92,Mayer's Peak
1998,2.6,Mayer's Peak
1999,1.8,Mayer's Peak
2000,0.73,Mayer's Peak
2001,0,Mayer's Peak
2002,0,Mayer's Peak
2003,0.14,Mayer's Peak
2004,0.45,Mayer's Peak
2005,0.75,Mayer's Peak
2006,0,Mayer's Peak
2007,0.8,Mayer's Peak
2008,0,Mayer's Peak
2009,0.86,Mayer's Peak
2010,1,Mayer's Peak
2011,4.04,Mayer's Peak
2012,0,Mayer's Peak
2013,0,Mayer's Peak
2014,3.56,Mayer's Peak
2015,6.53,Mayer's Peak
2016,0,Mayer's Peak
2017,0.47,Mayer's Peak
2018,0,Mayer's Peak
2019,1.68,Mayer's Peak
2020,0.92,Mayer's Peak
2021,0.46,Mayer's Peak
2022,3.73,Mayer's Peak
2023,14.27,Mayer's Peak
2024,6.71,Mayer's Peak
2025,6.61,Mayer's Peak
1986,0,Temptation Rock
1987,0.3,Temptation Rock
1988,0,Temptation Rock
1989,0,Temptation Rock
1990,0,Temptation Rock
1991,1.54,Temptation Rock
1992,0,Temptation Rock
1993,0.31,Temptation Rock
1994,0,Temptation Rock
1995,0,Temptation Rock
1996,0,Temptation Rock
1997,3.92,Temptation Rock
1998,2.6,Temptation Rock
1999,1.8,Temptation Rock
2000,0.73,Temptation Rock
2001,0,Temptation Rock
2002,0,Temptation Rock
2003,0.14,Temptation Rock
2004,0.45,Temptation Rock
2005,0.75,Temptation Rock
2006,0,Temptation Rock
2007,0.8,Temptation Rock
2008,0,Temptation Rock
2009,0.86,Temptation Rock
2010,1,Temptation Rock
2011,4.04,Temptation Rock
2012,0,Temptation Rock
2013,0,Temptation Rock
2014,3.56,Temptation Rock
2015,6.53,Temptation Rock
2016,0,Temptation Rock
2017,0.47,Temptation Rock
2018,0,Temptation Rock
2019,1.68,Temptation Rock
2020,0.92,Temptation Rock
2021,0.46,Temptation Rock
2022,3.73,Temptation Rock
2023,14.27,Temptation Rock
2024,6.71,Temptation Rock
2025,6.61,Temptation Rock
1986,0,The Maze
1987,0.3,The Maze
1988,0,The Maze
1989,0,The Maze
1990,0,The Maze
1991,1.54,The Maze
1992,0,The Maze
1993,0.31,The Maze
1994,0,The Maze
1995,0,The Maze
1996,0,The Maze
1997,3.92,The Maze
1998,2.6,The Maze
1999,1.8,The Maze
2000,0.73,The Maze
2001,0,The Maze
2002,0,The Maze
2003,0.14,The Maze
2004,0.45,The Maze
2005,0.75,The Maze
2006,0,The Maze
2007,0.8,The Maze
2008,0,The Maze
2009,0.86,The Maze
2010,1,The Maze
2011,4.04,The Maze
2012,0,The Maze
2013,0,The Maze
2014,3.56,The Maze
2015,6.53,The Maze
2016,0,The Maze
2017,0.47,The Maze
2018,0,The Maze
2019,1.68,The Maze
2020,0.92,The Maze
2021,0.46,The Maze
2022,3.73,The Maze
2023,14.27,The Maze
2024,6.71,The Maze
2025,6.61,The Maze
1986,0,Dade County 4
1987,0.65,Dade County 4
1988,0,Dade County 4
1989,0,Dade County 4
1990,0,Dade County 4
1991,0,Dade County 4
1992,0,Dade County 4
1993,0,Dade County 4
1994,0,Dade County 4
1995,0,Dade County 4
1996,0,Dade County 4
1997,2.34,Dade County 4
1998,1.25,Dade County 4
1999,0.64,Dade County 4
2000,0,Dade County 4
2001,0,Dade County 4
2002,0,Dade County 4
2003,0,Dade County 4
2004,0.44,Dade County 4
2005,3.26,Dade County 4
2006,0,Dade County 4
2007,0.14,Dade County 4
2008,0,Dade County 4
2009,0,Dade County 4
2010,0.83,Dade County 4
2011,0.9,Dade County 4
2012,0,Dade County 4
2013,0,Dade County 4
2014,2.38,Dade County 4
2015,1.36,Dade County 4
2016,0,Dade County 4
2017,0.63,Dade County 4
2018,0,Dade County 4
2019,0.61,Dade County 4
2020,0.3,Dade County 4
2021,0.14,Dade County 4
2022,3.06,Dade County 4
2023,13.09,Dade County 4
2024,4.72,Dade County 4
2025,7.33,Dade County 4
1986,0,Dade County 8
1987,0.65,Dade County 8
1988,0,Dade County 8
1989,0,Dade County 8
1990,0,Dade County 8
1991,0,Dade County 8
1992,0,Dade County 8
1993,0,Dade County 8
1994,0,Dade County 8
1995,0,Dade County 8
1996,0,Dade County 8
1997,2.64,Dade County 8
1998,1.83,Dade County 8
1999,0.65,Dade County 8
2000,0,Dade County 8
2001,0,Dade County 8
2002,0,Dade County 8
2003,0,Dade County 8
2004,0.62,Dade County 8
2005,3.72,Dade County 8
2006,0,Dade County 8
2007,0.14,Dade County 8
2008,0,Dade County 8
2009,0,Dade County 8
2010,1.32,Dade County 8
2011,0.8,Dade County 8
2012,0,Dade County 8
2013,0,Dade County 8
2014,1.84,Dade County 8
2015,1.69,Dade County 8
2016,0.15,Dade County 8
2017,1.26,Dade County 8
2018,0,Dade County 8
2019,0.76,Dade County 8
2020,0.75,Dade County 8
2021,0.76,Dade County 8
2022,3.66,Dade County 8
2023,12.59,Dade County 8
2024,5.41,Dade County 8
2025,7.48,Dade County 8
1986,0,Little Africa
1987,0.3,Little Africa
1988,0,Little Africa
1989,0,Little Africa
1990,0,Little Africa
1991,1.54,Little Africa
1992,0,Little Africa
1993,0.31,Little Africa
1994,0,Little Africa
1995,0,Little Africa
1996,0,Little Africa
1997,3.92,Little Africa
1998,2.6,Little Africa
1999,1.8,Little Africa
2000,0.73,Little Africa
2001,0,Little Africa
2002,0,Little Africa
2003,0.14,Little Africa
2004,0.45,Little Africa
2005,0.75,Little Africa
2006,0,Little Africa
2007,0.8,Little Africa
2008,0,Little Africa
2009,0.86,Little Africa
2010,1,Little Africa
2011,4.04,Little Africa
2012,0,Little Africa
2013,0,Little Africa
2014,3.56,Little Africa
2015,6.53,Little Africa
2016,0,Little Africa
2017,0.47,Little Africa
2018,0,Little Africa
2019,1.68,Little Africa
2020,0.92,Little Africa
2021,0.46,Little Africa
2022,3.73,Little Africa
2023,14.27,Little Africa
2024,6.71,Little Africa
2025,6.61,Little Africa
1986,0,Loggerhead Patch
1987,0.3,Loggerhead Patch
1988,0,Loggerhead Patch
1989,0,Loggerhead Patch
1990,0,Loggerhead Patch
1991,1.54,Loggerhead Patch
1992,0,Loggerhead Patch
1993,0.31,Loggerhead Patch
1994,0,Loggerhead Patch
1995,0,Loggerhead Patch
1996,0,Loggerhead Patch
1997,3.92,Loggerhead Patch
1998,2.6,Loggerhead Patch
1999,1.8,Loggerhead Patch
2000,0.73,Loggerhead Patch
2001,0,Loggerhead Patch
2002,0,Loggerhead Patch
2003,0.14,Loggerhead Patch
2004,0.45,Loggerhead Patch
2005,0.75,Loggerhead Patch
2006,0,Loggerhead Patch
2007,0.8,Loggerhead Patch
2008,0,Loggerhead Patch
2009,0.86,Loggerhead Patch
2010,1,Loggerhead Patch
2011,4.04,Loggerhead Patch
2012,0,Loggerhead Patch
2013,0,Loggerhead Patch
2014,3.56,Loggerhead Patch
2015,6.53,Loggerhead Patch
2016,0,Loggerhead Patch
2017,0.47,Loggerhead Patch
2018,0,Loggerhead Patch
2019,1.68,Loggerhead Patch
2020,0.92,Loggerhead Patch
2021,0.46,Loggerhead Patch
2022,3.73,Loggerhead Patch
2023,14.27,Loggerhead Patch
2024,6.71,Loggerhead Patch
2025,6.61,Loggerhead Patch
1986,0,Palmata Patch
1987,0.3,Palmata Patch
1988,0,Palmata Patch
1989,0,Palmata Patch
1990,0,Palmata Patch
1991,1.56,Palmata Patch
1992,0,Palmata Patch
1993,0.31,Palmata Patch
1994,0,Palmata Patch
1995,0,Palmata Patch
1996,0,Palmata Patch
1997,3.94,Palmata Patch
1998,2.61,Palmata Patch
1999,1.96,Palmata Patch
2000,0.73,Palmata Patch
2001,0,Palmata Patch
2002,0,Palmata Patch
2003,0.14,Palmata Patch
2004,0.29,Palmata Patch
2005,0.91,Palmata Patch
2006,0,Palmata Patch
2007,0.96,Palmata Patch
2008,0,Palmata Patch
2009,0.72,Palmata Patch
2010,1,Palmata Patch
2011,4.03,Palmata Patch
2012,0,Palmata Patch
2013,0,Palmata Patch
2014,3.9,Palmata Patch
2015,6.47,Palmata Patch
2016,0,Palmata Patch
2017,0.47,Palmata Patch
2018,0,Palmata Patch
2019,1.69,Palmata Patch
2020,0.92,Palmata Patch
2021,0.46,Palmata Patch
2022,4.04,Palmata Patch
2023,14.35,Palmata Patch
2024,6.82,Palmata Patch
2025,6.57,Palmata Patch
1986,0,Prolifera Patch
1987,0.3,Prolifera Patch
1988,0,Prolifera Patch
1989,0,Prolifera Patch
1990,0,Prolifera Patch
1991,1.56,Prolifera Patch
1992,0,Prolifera Patch
1993,0.31,Prolifera Patch
1994,0,Prolifera Patch
1995,0,Prolifera Patch
1996,0,Prolifera Patch
1997,3.94,Prolifera Patch
1998,2.61,Prolifera Patch
1999,1.96,Prolifera Patch
2000,0.73,Prolifera Patch
2001,0,Prolifera Patch
2002,0,Prolifera Patch
2003,0.14,Prolifera Patch
2004,0.29,Prolifera Patch
2005,0.91,Prolifera Patch
2006,0,Prolifera Patch
2007,0.96,Prolifera Patch
2008,0,Prolifera Patch
2009,0.72,Prolifera Patch
2010,1,Prolifera Patch
2011,4.03,Prolifera Patch
2012,0,Prolifera Patch
2013,0,Prolifera Patch
2014,3.9,Prolifera Patch
2015,6.47,Prolifera Patch
2016,0,Prolifera Patch
2017,0.47,Prolifera Patch
2018,0,Prolifera Patch
2019,1.69,Prolifera Patch
2020,0.92,Prolifera Patch
2021,0.46,Prolifera Patch
2022,4.04,Prolifera Patch
2023,14.35,Prolifera Patch
2024,6.82,Prolifera Patch
2025,6.57,Prolifera Patch
1986,0,White Shoal
1987,0.3,White Shoal
1988,0,White Shoal
1989,0,White Shoal
1990,0,White Shoal
1991,1.56,White Shoal
1992,0,White Shoal
1993,0.31,White Shoal
1994,0,White Shoal
1995,0,White Shoal
1996,0,White Shoal
1997,3.94,White Shoal
1998,2.61,White Shoal
1999,1.96,White Shoal
2000,0.73,White Shoal
2001,0,White Shoal
2002,0,White Shoal
2003,0.14,White Shoal
2004,0.29,White Shoal
2005,0.91,White Shoal
2006,0,White Shoal
2007,0.96,White Shoal
2008,0,White Shoal
2009,0.72,White Shoal
2010,1,White Shoal
2011,4.03,White Shoal
2012,0,White Shoal
2013,0,White Shoal
2014,3.9,White Shoal
2015,6.47,White Shoal
2016,0,White Shoal
2017,0.47,White Shoal
2018,0,White Shoal
2019,1.69,White Shoal
2020,0.92,White Shoal
2021,0.46,White Shoal
2022,4.04,White Shoal
2023,14.35,White Shoal
2024,6.82,White Shoal
2025,6.57,White Shoal
1986,0,Windjammer
1987,0.3,Windjammer
1988,0,Windjammer
1989,0,Windjammer
1990,0,Windjammer
1991,1.54,Windjammer
1992,0,Windjammer
1993,0.31,Windjammer
1994,0,Windjammer
1995,0,Windjammer
1996,0,Windjammer
1997,3.92,Windjammer
1998,2.6,Windjammer
1999,1.8,Windjammer
2000,0.73,Windjammer
2001,0,Windjammer
2002,0,Windjammer
2003,0.14,Windjammer
2004,0.45,Windjammer
2005,0.75,Windjammer
2006,0,Windjammer
2007,0.8,Windjammer
2008,0,Windjammer
2009,0.86,Windjammer
2010,1,Windjammer
2011,4.04,Windjammer
2012,0,Windjammer
2013,0,Windjammer
2014,3.56,Windjammer
2015,6.53,Windjammer
2016,0,Windjammer
2017,0.47,Windjammer
2018,0,Windjammer
2019,1.68,Windjammer
2020,0.92,Windjammer
2021,0.46,Windjammer
2022,3.73,Windjammer
2023,14.27,Windjammer
2024,6.71,Windjammer
2025,6.61,Windjammer
1986,0,Dade County 1
1987,0.49,Dade County 1
1988,0,Dade County 1
1989,0,Dade County 1
1990,0,Dade County 1
1991,0,Dade County 1
1992,0,Dade County 1
1993,0,Dade County 1
1994,0,Dade County 1
1995,0,Dade County 1
1996,0,Dade County 1
1997,1.52,Dade County 1
1998,1.14,Dade County 1
1999,0.63,Dade County 1
2000,0,Dade County 1
2001,0,Dade County 1
2002,0,Dade County 1
2003,0,Dade County 1
2004,0,Dade County 1
2005,3.06,Dade County 1
2006,0,Dade County 1
2007,0,Dade County 1
2008,0,Dade County 1
2009,0,Dade County 1
2010,0.62,Dade County 1
2011,0.32,Dade County 1
2012,0,Dade County 1
2013,0,Dade County 1
2014,1.44,Dade County 1
2015,1.07,Dade County 1
2016,0,Dade County 1
2017,0.5,Dade County 1
2018,0,Dade County 1
2019,0,Dade County 1
2020,0.15,Dade County 1
2021,0,Dade County 1
2022,2.94,Dade County 1
2023,11.14,Dade County 1
2024,3.78,Dade County 1
2025,6.83,Dade County 1
1986,0,Dade County 2
1987,0.49,Dade County 2
1988,0,Dade County 2
1989,0,Dade County 2
1990,0,Dade County 2
1991,0,Dade County 2
1992,0,Dade County 2
1993,0,Dade County 2
1994,0,Dade County 2
1995,0,Dade County 2
1996,0,Dade County 2
1997,1.37,Dade County 2
1998,0.99,Dade County 2
1999,0.62,Dade County 2
2000,0,Dade County 2
2001,0,Dade County 2
2002,0,Dade County 2
2003,0,Dade County 2
2004,0,Dade County 2
2005,2.99,Dade County 2
2006,0,Dade County 2
2007,0.14,Dade County 2
2008,0,Dade County 2
2009,0,Dade County 2
2010,0.47,Dade County 2
2011,0.45,Dade County 2
2012,0,Dade County 2
2013,0,Dade County 2
2014,1.44,Dade County 2
2015,1.05,Dade County 2
2016,0,Dade County 2
2017,0.16,Dade County 2
2018,0,Dade County 2
2019,0,Dade County 2
2020,0,Dade County 2
2021,0,Dade County 2
2022,2.31,Dade County 2
2023,11.62,Dade County 2
2024,3.64,Dade County 2
2025,6.57,Dade County 2
1986,0,Dade County 6
1987,0.47,Dade County 6
1988,0,Dade County 6
1989,0,Dade County 6
1990,0,Dade County 6
1991,0,Dade County 6
1992,0,Dade County 6
1993,0,Dade County 6
1994,0,Dade County 6
1995,0,Dade County 6
1996,0,Dade County 6
1997,1.04,Dade County 6
1998,0.67,Dade County 6
1999,0.44,Dade County 6
2000,0,Dade County 6
2001,0,Dade County 6
2002,0,Dade County 6
2003,0,Dade County 6
2004,0,Dade County 6
2005,3.11,Dade County 6
2006,0,Dade County 6
2007,0.29,Dade County 6
2008,0,Dade County 6
2009,0,Dade County 6
2010,0.15,Dade County 6
2011,0.16,Dade County 6
2012,0,Dade County 6
2013,0,Dade County 6
2014,1.13,Dade County 6
2015,1.22,Dade County 6
2016,0,Dade County 6
2017,0.15,Dade County 6
2018,0,Dade County 6
2019,0.14,Dade County 6
2020,0,Dade County 6
2021,0,Dade County 6
2022,2.44,Dade County 6
2023,10.37,Dade County 6
2024,3.2,Dade County 6
2025,6.11,Dade County 6
1986,0,Dade County 7
1987,0.47,Dade County 7
1988,0,Dade County 7
1989,0,Dade County 7
1990,0,Dade County 7
1991,0,Dade County 7
1992,0,Dade County 7
1993,0,Dade County 7
1994,0,Dade County 7
1995,0,Dade County 7
1996,0,Dade County 7
1997,1.04,Dade County 7
1998,0.68,Dade County 7
1999,0.44,Dade County 7
2000,0,Dade County 7
2001,0,Dade County 7
2002,0,Dade County 7
2003,0,Dade County 7
2004,0,Dade County 7
2005,3.12,Dade County 7
2006,0,Dade County 7
2007,0.3,Dade County 7
2008,0,Dade County 7
2009,0,Dade County 7
2010,0.15,Dade County 7
2011,0.16,Dade County 7
2012,0,Dade County 7
2013,0,Dade County 7
2014,1.42,Dade County 7
2015,1.2,Dade County 7
2016,0,Dade County 7
2017,0.15,Dade County 7
2018,0,Dade County 7
2019,0.15,Dade County 7
2020,0,Dade County 7
2021,0,Dade County 7
2022,2.32,Dade County 7
2023,11.23,Dade County 7
2024,3.57,Dade County 7
2025,6.23,Dade County 7
1986,0,Black Coral Rock
1987,0.31,Black Coral Rock
1988,0,Black Coral Rock
1989,0,Black Coral Rock
1990,0,Black Coral Rock
1991,1.53,Black Coral Rock
1992,0,Black Coral Rock
1993,0.61,Black Coral Rock
1994,0,Black Coral Rock
1995,0,Black Coral Rock
1996,0,Black Coral Rock
1997,3.89,Black Coral Rock
1998,2.58,Black Coral Rock
1999,1.47,Black Coral Rock
2000,0.71,Black Coral Rock
2001,0,Black Coral Rock
2002,0,Black Coral Rock
2003,0,Black Coral Rock
2004,0.46,Black Coral Rock
2005,0.48,Black Coral Rock
2006,0,Black Coral Rock
2007,0.79,Black Coral Rock
2008,0,Black Coral Rock
2009,0.85,Black Coral Rock
2010,1.01,Black Coral Rock
2011,4.13,Black Coral Rock
2012,0,Black Coral Rock
2013,0,Black Coral Rock
2014,2.62,Black Coral Rock
2015,6.52,Black Coral Rock
2016,0,Black Coral Rock
2017,0.33,Black Coral Rock
2018,0,Black Coral Rock
2019,1.69,Black Coral Rock
2020,0.76,Black Coral Rock
2021,0,Black Coral Rock
2022,2.74,Black Coral Rock
2023,14.65,Black Coral Rock
2024,6.9,Black Coral Rock
2025,6.77,Black Coral Rock
1986,0,Leah's Lump
1987,0.15,Leah's Lump
1988,0,Leah's Lump
1989,0,Leah's Lump
1990,0,Leah's Lump
1991,1.58,Leah's Lump
1992,0,Leah's Lump
1993,0.46,Leah's Lump
1994,0,Leah's Lump
1995,0,Leah's Lump
1996,0,Leah's Lump
1997,3.94,Leah's Lump
1998,2.43,Leah's Lump
1999,1.81,Leah's Lump
2000,0.74,Leah's Lump
2001,0,Leah's Lump
2002,0,Leah's Lump
2003,0,Leah's Lump
2004,0,Leah's Lump
2005,1.08,Leah's Lump
2006,0,Leah's Lump
2007,1.3,Leah's Lump
2008,0,Leah's Lump
2009,0.86,Leah's Lump
2010,0.99,Leah's Lump
2011,3.94,Leah's Lump
2012,0,Leah's Lump
2013,0,Leah's Lump
2014,4.21,Leah's Lump
2015,6.18,Leah's Lump
2016,0,Leah's Lump
2017,0.32,Leah's Lump
2018,0,Leah's Lump
2019,1.72,Leah's Lump
2020,1.08,Leah's Lump
2021,0.61,Leah's Lump
2022,3.66,Leah's Lump
2023,15.13,Leah's Lump
2024,6.03,Leah's Lump
2025,6.32,Leah's Lump
1986,0,Okay Every Time
1987,0.31,Okay Every Time
1988,0,Okay Every Time
1989,0,Okay Every Time
1990,0,Okay Every Time
1991,1.53,Okay Every Time
1992,0,Okay Every Time
1993,0.61,Okay Every Time
1994,0,Okay Every Time
1995,0,Okay Every Time
1996,0,Okay Every Time
1997,3.89,Okay Every Time
1998,2.58,Okay Every Time
1999,1.47,Okay Every Time
2000,0.71,Okay Every Time
2001,0,Okay Every Time
2002,0,Okay Every Time
2003,0,Okay Every Time
2004,0.46,Okay Every Time
2005,0.48,Okay Every Time
2006,0,Okay Every Time
2007,0.79,Okay Every Time
2008,0,Okay Every Time
2009,0.85,Okay Every Time
2010,1.01,Okay Every Time
2011,4.13,Okay Every Time
2012,0,Okay Every Time
2013,0,Okay Every Time
2014,2.62,Okay Every Time
2015,6.52,Okay Every Time
2016,0,Okay Every Time
2017,0.33,Okay Every Time
2018,0,Okay Every Time
2019,1.69,Okay Every Time
2020,0.76,Okay Every Time
2021,0,Okay Every Time
2022,2.74,Okay Every Time
2023,14.65,Okay Every Time
2024,6.9,Okay Every Time
2025,6.77,Okay Every Time
1986,0,Dade County 3
1987,0.49,Dade County 3
1988,0,Dade County 3
1989,0,Dade County 3
1990,0,Dade County 3
1991,0,Dade County 3
1992,0,Dade County 3
1993,0,Dade County 3
1994,0,Dade County 3
1995,0,Dade County 3
1996,0,Dade County 3
1997,1.37,Dade County 3
1998,0.99,Dade County 3
1999,0.62,Dade County 3
2000,0,Dade County 3
2001,0,Dade County 3
2002,0,Dade County 3
2003,0,Dade County 3
2004,0,Dade County 3
2005,2.99,Dade County 3
2006,0,Dade County 3
2007,0.14,Dade County 3
2008,0,Dade County 3
2009,0,Dade County 3
2010,0.47,Dade County 3
2011,0.45,Dade County 3
2012,0,Dade County 3
2013,0,Dade County 3
2014,1.44,Dade County 3
2015,1.05,Dade County 3
2016,0,Dade County 3
2017,0.16,Dade County 3
2018,0,Dade County 3
2019,0,Dade County 3
2020,0,Dade County 3
2021,0,Dade County 3
2022,2.31,Dade County 3
2023,11.62,Dade County 3
2024,3.64,Dade County 3
2025,6.57,Dade County 3
1986,0,Dade County 5
1987,0.65,Dade County 5
1988,0,Dade County 5
1989,0,Dade County 5
1990,0,Dade County 5
1991,0,Dade County 5
1992,0,Dade County 5
1993,0,Dade County 5
1994,0,Dade County 5
1995,0,Dade County 5
1996,0,Dade County 5
1997,2.34,Dade County 5
1998,1.25,Dade County 5
1999,0.64,Dade County 5
2000,0,Dade County 5
2001,0,Dade County 5
2002,0,Dade County 5
2003,0,Dade County 5
2004,0.44,Dade County 5
2005,3.26,Dade County 5
2006,0,Dade County 5
2007,0.14,Dade County 5
2008,0,Dade County 5
2009,0,Dade County 5
2010,0.83,Dade County 5
2011,0.9,Dade County 5
2012,0,Dade County 5
2013,0,Dade County 5
2014,2.38,Dade County 5
2015,1.36,Dade County 5
2016,0,Dade County 5
2017,0.63,Dade County 5
2018,0,Dade County 5
2019,0.61,Dade County 5
2020,0.3,Dade County 5
2021,0.14,Dade County 5
2022,3.06,Dade County 5
2023,13.09,Dade County 5
2024,4.72,Dade County 5
2025,7.33,Dade County 5
1986,0,Bird Key Reef
1987,0.3,Bird Key Reef
1988,0,Bird Key Reef
1989,0,Bird Key Reef
1990,0,Bird Key Reef
1991,1.56,Bird Key Reef
1992,0,Bird Key Reef
1993,0.31,Bird Key Reef
1994,0,Bird Key Reef
1995,0,Bird Key Reef
1996,0,Bird Key Reef
1997,3.94,Bird Key Reef
1998,2.61,Bird Key Reef
1999,1.96,Bird Key Reef
2000,0.73,Bird Key Reef
2001,0,Bird Key Reef
2002,0,Bird Key Reef
2003,0.14,Bird Key Reef
2004,0.29,Bird Key Reef
2005,0.91,Bird Key Reef
2006,0,Bird Key Reef
2007,0.96,Bird Key Reef
2008,0,Bird Key Reef
2009,0.72,Bird Key Reef
2010,1,Bird Key Reef
2011,4.03,Bird Key Reef
2012,0,Bird Key Reef
2013,0,Bird Key Reef
2014,3.9,Bird Key Reef
2015,6.47,Bird Key Reef
2016,0,Bird Key Reef
2017,0.47,Bird Key Reef
2018,0,Bird Key Reef
2019,1.69,Bird Key Reef
2020,0.92,Bird Key Reef
2021,0.46,Bird Key Reef
2022,4.04,Bird Key Reef
2023,14.35,Bird Key Reef
2024,6.82,Bird Key Reef
2025,6.57,Bird Key Reef
1986,0,Magic Castles
1987,0.3,Magic Castles
1988,0,Magic Castles
1989,0,Magic Castles
1990,0,Magic Castles
1991,1.56,Magic Castles
1992,0,Magic Castles
1993,0.31,Magic Castles
1994,0,Magic Castles
1995,0,Magic Castles
1996,0,Magic Castles
1997,3.94,Magic Castles
1998,2.61,Magic Castles
1999,1.96,Magic Castles
2000,0.73,Magic Castles
2001,0,Magic Castles
2002,0,Magic Castles
2003,0.14,Magic Castles
2004,0.29,Magic Castles
2005,0.91,Magic Castles
2006,0,Magic Castles
2007,0.96,Magic Castles
2008,0,Magic Castles
2009,0.72,Magic Castles
2010,1,Magic Castles
2011,4.03,Magic Castles
2012,0,Magic Castles
2013,0,Magic Castles
2014,3.9,Magic Castles
2015,6.47,Magic Castles
2016,0,Magic Castles
2017,0.47,Magic Castles
2018,0,Magic Castles
2019,1.69,Magic Castles
2020,0.92,Magic Castles
2021,0.46,Magic Castles
2022,4.04,Magic Castles
2023,14.35,Magic Castles
2024,6.82,Magic Castles
2025,6.57,Magic Castles
1986,0,Lion's Den
1987,0.15,Lion's Den
1988,0,Lion's Den
1989,0.15,Lion's Den
1990,0,Lion's Den
1991,1.51,Lion's Den
1992,0,Lion's Den
1993,0.63,Lion's Den
1994,0,Lion's Den
1995,0,Lion's Den
1996,0,Lion's Den
1997,4.22,Lion's Den
1998,2.02,Lion's Den
1999,1.95,Lion's Den
2000,0.7,Lion's Den
2001,0,Lion's Den
2002,0,Lion's Den
2003,1.15,Lion's Den
2004,1.19,Lion's Den
2005,5.68,Lion's Den
2006,0.15,Lion's Den
2007,6.74,Lion's Den
2008,0.83,Lion's Den
2009,3.15,Lion's Den
2010,1.74,Lion's Den
2011,5.28,Lion's Den
2012,0,Lion's Den
2013,0,Lion's Den
2014,7.46,Lion's Den
2015,8.5,Lion's Den
2016,0,Lion's Den
2017,2.04,Lion's Den
2018,1.26,Lion's Den
2019,4.24,Lion's Den
2020,4.26,Lion's Den
2021,2.25,Lion's Den
2022,5.71,Lion's Den
2023,18.06,Lion's Den
2024,10.65,Lion's Den
2025,7.58,Lion's Den
1986,0,Sponge Bath
1987,0.14,Sponge Bath
1988,0,Sponge Bath
1989,0,Sponge Bath
1990,0,Sponge Bath
1991,1.48,Sponge Bath
1992,0,Sponge Bath
1993,0.48,Sponge Bath
1994,0,Sponge Bath
1995,0,Sponge Bath
1996,0,Sponge Bath
1997,4.03,Sponge Bath
1998,1.99,Sponge Bath
1999,2.25,Sponge Bath
2000,0.7,Sponge Bath
2001,0,Sponge Bath
2002,0,Sponge Bath
2003,0.99,Sponge Bath
2004,1.15,Sponge Bath
2005,5.39,Sponge Bath
2006,0.15,Sponge Bath
2007,5.5,Sponge Bath
2008,0.66,Sponge Bath
2009,2.89,Sponge Bath
2010,1.41,Sponge Bath
2011,4.96,Sponge Bath
2012,0,Sponge Bath
2013,0,Sponge Bath
2014,7.03,Sponge Bath
2015,8.59,Sponge Bath
2016,0,Sponge Bath
2017,2.14,Sponge Bath
2018,0.61,Sponge Bath
2019,3.7,Sponge Bath
2020,3.29,Sponge Bath
2021,2.1,Sponge Bath
2022,5.41,Sponge Bath
2023,17.36,Sponge Bath
2024,10.39,Sponge Bath
2025,7.67,Sponge Bath
1986,0,Jaap Reef
1987,0.36,Jaap Reef
1988,0,Jaap Reef
1989,0,Jaap Reef
1990,0,Jaap Reef
1991,1.86,Jaap Reef
1992,0,Jaap Reef
1993,0.94,Jaap Reef
1994,0,Jaap Reef
1995,0,Jaap Reef
1996,0,Jaap Reef
1997,4.09,Jaap Reef
1998,2.1,Jaap Reef
1999,1.72,Jaap Reef
2000,1.05,Jaap Reef
2001,0,Jaap Reef
2002,0,Jaap Reef
2003,0.92,Jaap Reef
2004,2.62,Jaap Reef
2005,6.19,Jaap Reef
2006,0,Jaap Reef
2007,7.5,Jaap Reef
2008,0.32,Jaap Reef
2009,4.35,Jaap Reef
2010,5.32,Jaap Reef
2011,5.75,Jaap Reef
2012,1.48,Jaap Reef
2013,0,Jaap Reef
2014,6.68,Jaap Reef
2015,8.03,Jaap Reef
2016,4.8,Jaap Reef
2017,3.28,Jaap Reef
2018,3.98,Jaap Reef
2019,6.27,Jaap Reef
2020,7.34,Jaap Reef
2021,4.4,Jaap Reef
2022,7.97,Jaap Reef
2023,20.53,Jaap Reef
2024,10.64,Jaap Reef
2025,10.69,Jaap Reef
1986,0,Looe Key Deep
1987,0.52,Looe Key Deep
1988,0,Looe Key Deep
1989,0,Looe Key Deep
1990,0,Looe Key Deep
1991,1.58,Looe Key Deep
1992,0,Looe Key Deep
1993,0.78,Looe Key Deep
1994,0,Looe Key Deep
1995,0,Looe Key Deep
1996,0,Looe Key Deep
1997,3.82,Looe Key Deep
1998,2.01,Looe Key Deep
1999,1.74,Looe Key Deep
2000,1.01,Looe Key Deep
2001,0,Looe Key Deep
2002,0,Looe Key Deep
2003,0.15,Looe Key Deep
2004,1.37,Looe Key Deep
2005,4.53,Looe Key Deep
2006,0,Looe Key Deep
2007,4.16,Looe Key Deep
2008,0,Looe Key Deep
2009,1.15,Looe Key Deep
2010,3.17,Looe Key Deep
2011,4.6,Looe Key Deep
2012,0.71,Looe Key Deep
2013,0,Looe Key Deep
2014,5.19,Looe Key Deep
2015,6.47,Looe Key Deep
2016,2.69,Looe Key Deep
2017,1.5,Looe Key Deep
2018,3.18,Looe Key Deep
2019,3.81,Looe Key Deep
2020,4.37,Looe Key Deep
2021,2.68,Looe Key Deep
2022,5.56,Looe Key Deep
2023,17.97,Looe Key Deep
2024,8.71,Looe Key Deep
2025,8.72,Looe Key Deep
1986,0,Looe Key Shallow
1987,0.52,Looe Key Shallow
1988,0,Looe Key Shallow
1989,0,Looe Key Shallow
1990,0,Looe Key Shallow
1991,1.58,Looe Key Shallow
1992,0,Looe Key Shallow
1993,0.78,Looe Key Shallow
1994,0,Looe Key Shallow
1995,0,Looe Key Shallow
1996,0,Looe Key Shallow
1997,3.82,Looe Key Shallow
1998,2.01,Looe Key Shallow
1999,1.74,Looe Key Shallow
2000,1.01,Looe Key Shallow
2001,0,Looe Key Shallow
2002,0,Looe Key Shallow
2003,0.15,Looe Key Shallow
2004,1.37,Looe Key Shallow
2005,4.53,Looe Key Shallow
2006,0,Looe Key Shallow
2007,4.16,Looe Key Shallow
2008,0,Looe Key Shallow
2009,1.15,Looe Key Shallow
2010,3.17,Looe Key Shallow
2011,4.6,Looe Key Shallow
2012,0.71,Looe Key Shallow
2013,0,Looe Key Shallow
2014,5.19,Looe Key Shallow
2015,6.47,Looe Key Shallow
2016,2.69,Looe Key Shallow
2017,1.5,Looe Key Shallow
2018,3.18,Looe Key Shallow
2019,3.81,Looe Key Shallow
2020,4.37,Looe Key Shallow
2021,2.68,Looe Key Shallow
2022,5.56,Looe Key Shallow
2023,17.97,Looe Key Shallow
2024,8.71,Looe Key Shallow
2025,8.72,Looe Key Shallow
1986,0,Martin County 1
1987,0.3,Martin County 1
1988,0,Martin County 1
1989,0,Martin County 1
1990,0,Martin County 1
1991,0,Martin County 1
1992,0,Martin County 1
1993,0,Martin County 1
1994,0,Martin County 1
1995,0,Martin County 1
1996,0,Martin County 1
1997,0.44,Martin County 1
1998,0.88,Martin County 1
1999,0,Martin County 1
2000,0,Martin County 1
2001,0,Martin County 1
2002,0,Martin County 1
2003,0,Martin County 1
2004,0,Martin County 1
2005,1.43,Martin County 1
2006,0,Martin County 1
2007,0,Martin County 1
2008,0,Martin County 1
2009,0.16,Martin County 1
2010,0.14,Martin County 1
2011,0,Martin County 1
2012,0,Martin County 1
2013,0,Martin County 1
2014,0.48,Martin County 1
2015,0.15,Martin County 1
2016,0,Martin County 1
2017,0,Martin County 1
2018,0,Martin County 1
2019,0,Martin County 1
2020,0.14,Martin County 1
2021,0,Martin County 1
2022,2.26,Martin County 1
2023,2.87,Martin County 1
2024,2.77,Martin County 1
2025,4.55,Martin County 1
1986,0,Martin County 2
1987,0.3,Martin County 2
1988,0,Martin County 2
1989,0,Martin County 2
1990,0,Martin County 2
1991,0,Martin County 2
1992,0,Martin County 2
1993,0,Martin County 2
1994,0,Martin County 2
1995,0,Martin County 2
1996,0,Martin County 2
1997,0.44,Martin County 2
1998,0.88,Martin County 2
1999,0,Martin County 2
2000,0,Martin County 2
2001,0,Martin County 2
2002,0,Martin County 2
2003,0,Martin County 2
2004,0,Martin County 2
2005,1.43,Martin County 2
2006,0,Martin County 2
2007,0,Martin County 2
2008,0,Martin County 2
2009,0.16,Martin County 2
2010,0.14,Martin County 2
2011,0,Martin County 2
2012,0,Martin County 2
2013,0,Martin County 2
2014,0.48,Martin County 2
2015,0.15,Martin County 2
2016,0,Martin County 2
2017,0,Martin County 2
2018,0,Martin County 2
2019,0,Martin County 2
2020,0.14,Martin County 2
2021,0,Martin County 2
2022,2.26,Martin County 2
2023,2.87,Martin County 2
2024,2.77,Martin County 2
2025,4.55,Martin County 2
1986,0,Martin County 3
1987,0.3,Martin County 3
1988,0,Martin County 3
1989,0,Martin County 3
1990,0,Martin County 3
1991,0,Martin County 3
1992,0,Martin County 3
1993,0,Martin County 3
1994,0,Martin County 3
1995,0,Martin County 3
1996,0,Martin County 3
1997,0.44,Martin County 3
1998,0.88,Martin County 3
1999,0,Martin County 3
2000,0,Martin County 3
2001,0,Martin County 3
2002,0,Martin County 3
2003,0,Martin County 3
2004,0,Martin County 3
2005,1.43,Martin County 3
2006,0,Martin County 3
2007,0,Martin County 3
2008,0,Martin County 3
2009,0.16,Martin County 3
2010,0.14,Martin County 3
2011,0,Martin County 3
2012,0,Martin County 3
2013,0,Martin County 3
2014,0.48,Martin County 3
2015,0.15,Martin County 3
2016,0,Martin County 3
2017,0,Martin County 3
2018,0,Martin County 3
2019,0,Martin County 3
2020,0.14,Martin County 3
2021,0,Martin County 3
2022,2.26,Martin County 3
2023,2.87,Martin County 3
2024,2.77,Martin County 3
2025,4.55,Martin County 3
1986,0,Cliff Green
1987,0.33,Cliff Green
1988,0,Cliff Green
1989,0.15,Cliff Green
1990,0,Cliff Green
1991,1.56,Cliff Green
1992,0,Cliff Green
1993,1.11,Cliff Green
1994,0,Cliff Green
1995,0,Cliff Green
1996,0,Cliff Green
1997,4.06,Cliff Green
1998,2.14,Cliff Green
1999,1.52,Cliff Green
2000,0.71,Cliff Green
2001,0,Cliff Green
2002,0,Cliff Green
2003,0.51,Cliff Green
2004,1.06,Cliff Green
2005,5.97,Cliff Green
2006,0.14,Cliff Green
2007,7.45,Cliff Green
2008,0.66,Cliff Green
2009,3.52,Cliff Green
2010,3.54,Cliff Green
2011,5.59,Cliff Green
2012,0.99,Cliff Green
2013,0.15,Cliff Green
2014,7.23,Cliff Green
2015,8.69,Cliff Green
2016,3.14,Cliff Green
2017,2.63,Cliff Green
2018,2.99,Cliff Green
2019,5.38,Cliff Green
2020,6.26,Cliff Green
2021,4.42,Cliff Green
2022,7.63,Cliff Green
2023,19.42,Cliff Green
2024,11.45,Cliff Green
2025,9.21,Cliff Green
1986,0,Western Head
1987,0.33,Western Head
1988,0,Western Head
1989,0.15,Western Head
1990,0,Western Head
1991,1.52,Western Head
1992,0,Western Head
1993,0.96,Western Head
1994,0,Western Head
1995,0,Western Head
1996,0,Western Head
1997,4,Western Head
1998,2.12,Western Head
1999,1.51,Western Head
2000,0.69,Western Head
2001,0,Western Head
2002,0,Western Head
2003,0.49,Western Head
2004,1.19,Western Head
2005,5.69,Western Head
2006,0.14,Western Head
2007,6.17,Western Head
2008,0.48,Western Head
2009,2.8,Western Head
2010,3.36,Western Head
2011,5.62,Western Head
2012,0.77,Western Head
2013,0.14,Western Head
2014,6.65,Western Head
2015,7.54,Western Head
2016,2.3,Western Head
2017,1.98,Western Head
2018,2.39,Western Head
2019,3.81,Western Head
2020,4.58,Western Head
2021,3.62,Western Head
2022,6.6,Western Head
2023,18.17,Western Head
2024,10.64,Western Head
2025,8.37,Western Head
1986,0,Lowe Shoal
1987,0.15,Lowe Shoal
1988,0,Lowe Shoal
1989,0.15,Lowe Shoal
1990,0,Lowe Shoal
1991,1.96,Lowe Shoal
1992,0,Lowe Shoal
1993,0.62,Lowe Shoal
1994,0,Lowe Shoal
1995,0,Lowe Shoal
1996,0,Lowe Shoal
1997,4.36,Lowe Shoal
1998,1.96,Lowe Shoal
1999,1.67,Lowe Shoal
2000,1.02,Lowe Shoal
2001,0,Lowe Shoal
2002,0,Lowe Shoal
2003,0.14,Lowe Shoal
2004,0,Lowe Shoal
2005,4.41,Lowe Shoal
2006,0,Lowe Shoal
2007,6.6,Lowe Shoal
2008,0.48,Lowe Shoal
2009,3.47,Lowe Shoal
2010,0,Lowe Shoal
2011,2.29,Lowe Shoal
2012,0,Lowe Shoal
2013,0,Lowe Shoal
2014,7.35,Lowe Shoal
2015,8.28,Lowe Shoal
2016,0,Lowe Shoal
2017,1.85,Lowe Shoal
2018,1.25,Lowe Shoal
2019,4.46,Lowe Shoal
2020,2.78,Lowe Shoal
2021,1.66,Lowe Shoal
2022,3.26,Lowe Shoal
2023,16.63,Lowe Shoal
2024,9.62,Lowe Shoal
2025,5.83,Lowe Shoal
1986,0,Smith Shoal
1987,0.15,Smith Shoal
1988,0,Smith Shoal
1989,0.15,Smith Shoal
1990,0,Smith Shoal
1991,1.98,Smith Shoal
1992,0,Smith Shoal
1993,0.63,Smith Shoal
1994,0,Smith Shoal
1995,0,Smith Shoal
1996,0,Smith Shoal
1997,4.4,Smith Shoal
1998,1.98,Smith Shoal
1999,1.69,Smith Shoal
2000,1.03,Smith Shoal
2001,0,Smith Shoal
2002,0,Smith Shoal
2003,0.3,Smith Shoal
2004,0,Smith Shoal
2005,4.75,Smith Shoal
2006,0,Smith Shoal
2007,6.89,Smith Shoal
2008,0.64,Smith Shoal
2009,3.98,Smith Shoal
2010,0,Smith Shoal
2011,2.79,Smith Shoal
2012,0.15,Smith Shoal
2013,0,Smith Shoal
2014,7.57,Smith Shoal
2015,8.41,Smith Shoal
2016,0,Smith Shoal
2017,1.85,Smith Shoal
2018,1.8,Smith Shoal
2019,5.45,Smith Shoal
2020,3.71,Smith Shoal
2021,2.17,Smith Shoal
2022,4.02,Smith Shoal
2023,17.39,Smith Shoal
2024,9.57,Smith Shoal
2025,6.42,Smith Shoal
1986,0,Palm Beach 4
1987,0.3,Palm Beach 4
1988,0,Palm Beach 4
1989,0,Palm Beach 4
1990,0,Palm Beach 4
1991,0,Palm Beach 4
1992,0,Palm Beach 4
1993,0,Palm Beach 4
1994,0,Palm Beach 4
1995,0,Palm Beach 4
1996,0,Palm Beach 4
1997,0.44,Palm Beach 4
1998,0.72,Palm Beach 4
1999,0.14,Palm Beach 4
2000,0,Palm Beach 4
2001,0,Palm Beach 4
2002,0,Palm Beach 4
2003,0,Palm Beach 4
2004,0.16,Palm Beach 4
2005,2.79,Palm Beach 4
2006,0,Palm Beach 4
2007,0.46,Palm Beach 4
2008,0,Palm Beach 4
2009,0,Palm Beach 4
2010,0.32,Palm Beach 4
2011,0.75,Palm Beach 4
2012,0,Palm Beach 4
2013,0,Palm Beach 4
2014,1.01,Palm Beach 4
2015,0.6,Palm Beach 4
2016,0,Palm Beach 4
2017,0,Palm Beach 4
2018,0,Palm Beach 4
2019,0.45,Palm Beach 4
2020,0,Palm Beach 4
2021,0,Palm Beach 4
2022,2.15,Palm Beach 4
2023,12.23,Palm Beach 4
2024,4.13,Palm Beach 4
2025,6.03,Palm Beach 4
1986,0,Palm Beach 5
1987,0.3,Palm Beach 5
1988,0,Palm Beach 5
1989,0,Palm Beach 5
1990,0,Palm Beach 5
1991,0,Palm Beach 5
1992,0,Palm Beach 5
1993,0,Palm Beach 5
1994,0,Palm Beach 5
1995,0,Palm Beach 5
1996,0,Palm Beach 5
1997,0.44,Palm Beach 5
1998,0.71,Palm Beach 5
1999,0.14,Palm Beach 5
2000,0,Palm Beach 5
2001,0,Palm Beach 5
2002,0,Palm Beach 5
2003,0,Palm Beach 5
2004,0.16,Palm Beach 5
2005,2.82,Palm Beach 5
2006,0,Palm Beach 5
2007,0.46,Palm Beach 5
2008,0,Palm Beach 5
2009,0,Palm Beach 5
2010,0.32,Palm Beach 5
2011,0.75,Palm Beach 5
2012,0,Palm Beach 5
2013,0,Palm Beach 5
2014,1.16,Palm Beach 5
2015,0.75,Palm Beach 5
2016,0,Palm Beach 5
2017,0,Palm Beach 5
2018,0,Palm Beach 5
2019,0.44,Palm Beach 5
2020,0,Palm Beach 5
2021,0,Palm Beach 5
2022,2.15,Palm Beach 5
2023,12.26,Palm Beach 5
2024,3.7,Palm Beach 5
2025,6.21,Palm Beach 5
1986,0,Palm Beach 1
1987,0.15,Palm Beach 1
1988,0,Palm Beach 1
1989,0,Palm Beach 1
1990,0,Palm Beach 1
1991,0,Palm Beach 1
1992,0,Palm Beach 1
1993,0,Palm Beach 1
1994,0,Palm Beach 1
1995,0,Palm Beach 1
1996,0,Palm Beach 1
1997,0.45,Palm Beach 1
1998,0.89,Palm Beach 1
1999,0,Palm Beach 1
2000,0,Palm Beach 1
2001,0,Palm Beach 1
2002,0,Palm Beach 1
2003,0,Palm Beach 1
2004,0,Palm Beach 1
2005,2.6,Palm Beach 1
2006,0,Palm Beach 1
2007,0.29,Palm Beach 1
2008,0,Palm Beach 1
2009,0,Palm Beach 1
2010,0.47,Palm Beach 1
2011,0.45,Palm Beach 1
2012,0,Palm Beach 1
2013,0,Palm Beach 1
2014,1.11,Palm Beach 1
2015,0,Palm Beach 1
2016,0,Palm Beach 1
2017,0,Palm Beach 1
2018,0,Palm Beach 1
2019,0.44,Palm Beach 1
2020,0,Palm Beach 1
2021,0,Palm Beach 1
2022,1.75,Palm Beach 1
2023,10.96,Palm Beach 1
2024,3.47,Palm Beach 1
2025,4.86,Palm Beach 1
1986,0,Palm Beach 2
1987,0.15,Palm Beach 2
1988,0,Palm Beach 2
1989,0,Palm Beach 2
1990,0,Palm Beach 2
1991,0,Palm Beach 2
1992,0,Palm Beach 2
1993,0,Palm Beach 2
1994,0,Palm Beach 2
1995,0,Palm Beach 2
1996,0,Palm Beach 2
1997,0.45,Palm Beach 2
1998,0.88,Palm Beach 2
1999,0,Palm Beach 2
2000,0,Palm Beach 2
2001,0,Palm Beach 2
2002,0,Palm Beach 2
2003,0,Palm Beach 2
2004,0,Palm Beach 2
2005,2.45,Palm Beach 2
2006,0,Palm Beach 2
2007,0.29,Palm Beach 2
2008,0,Palm Beach 2
2009,0,Palm Beach 2
2010,0.47,Palm Beach 2
2011,0.31,Palm Beach 2
2012,0,Palm Beach 2
2013,0,Palm Beach 2
2014,0.97,Palm Beach 2
2015,0.29,Palm Beach 2
2016,0,Palm Beach 2
2017,0,Palm Beach 2
2018,0,Palm Beach 2
2019,0.3,Palm Beach 2
2020,0,Palm Beach 2
2021,0,Palm Beach 2
2022,1.77,Palm Beach 2
2023,11.11,Palm Beach 2
2024,3.64,Palm Beach 2
2025,5.05,Palm Beach 2
1986,0,Palm Beach 3
1987,0.15,Palm Beach 3
1988,0,Palm Beach 3
1989,0,Palm Beach 3
1990,0,Palm Beach 3
1991,0,Palm Beach 3
1992,0,Palm Beach 3
1993,0,Palm Beach 3
1994,0,Palm Beach 3
1995,0,Palm Beach 3
1996,0,Palm Beach 3
1997,0.45,Palm Beach 3
1998,0.89,Palm Beach 3
1999,0,Palm Beach 3
2000,0,Palm Beach 3
2001,0,Palm Beach 3
2002,0,Palm Beach 3
2003,0,Palm Beach 3
2004,0,Palm Beach 3
2005,2.6,Palm Beach 3
2006,0,Palm Beach 3
2007,0.29,Palm Beach 3
2008,0,Palm Beach 3
2009,0,Palm Beach 3
2010,0.47,Palm Beach 3
2011,0.45,Palm Beach 3
2012,0,Palm Beach 3
2013,0,Palm Beach 3
2014,1.11,Palm Beach 3
2015,0,Palm Beach 3
2016,0,Palm Beach 3
2017,0,Palm Beach 3
2018,0,Palm Beach 3
2019,0.44,Palm Beach 3
2020,0,Palm Beach 3
2021,0,Palm Beach 3
2022,1.75,Palm Beach 3
2023,10.96,Palm Beach 3
2024,3.47,Palm Beach 3
2025,4.86,Palm Beach 3
1986,0,Half Good
1987,0.3,Half Good
1988,0,Half Good
1989,0.15,Half Good
1990,0,Half Good
1991,1.54,Half Good
1992,0,Half Good
1993,0.79,Half Good
1994,0,Half Good
1995,0,Half Good
1996,0,Half Good
1997,4.25,Half Good
1998,2.08,Half Good
1999,1.65,Half Good
2000,0.7,Half Good
2001,0,Half Good
2002,0,Half Good
2003,1.28,Half Good
2004,1.4,Half Good
2005,6.04,Half Good
2006,0.14,Half Good
2007,6.98,Half Good
2008,0.82,Half Good
2009,3.78,Half Good
2010,2.69,Half Good
2011,5.7,Half Good
2012,0.59,Half Good
2013,0,Half Good
2014,7.42,Half Good
2015,8.63,Half Good
2016,0.76,Half Good
2017,1.98,Half Good
2018,2.26,Half Good
2019,5.08,Half Good
2020,4.85,Half Good
2021,3.28,Half Good
2022,6.79,Half Good
2023,18.77,Half Good
2024,11.9,Half Good
2025,7.99,Half Good
1986,0,Hammie
1987,0.3,Hammie
1988,0,Hammie
1989,0.15,Hammie
1990,0,Hammie
1991,1.54,Hammie
1992,0,Hammie
1993,0.79,Hammie
1994,0,Hammie
1995,0,Hammie
1996,0,Hammie
1997,4.25,Hammie
1998,2.08,Hammie
1999,1.65,Hammie
2000,0.7,Hammie
2001,0,Hammie
2002,0,Hammie
2003,1.28,Hammie
2004,1.4,Hammie
2005,6.04,Hammie
2006,0.14,Hammie
2007,6.98,Hammie
2008,0.82,Hammie
2009,3.78,Hammie
2010,2.69,Hammie
2011,5.7,Hammie
2012,0.59,Hammie
2013,0,Hammie
2014,7.42,Hammie
2015,8.63,Hammie
2016,0.76,Hammie
2017,1.98,Hammie
2018,2.26,Hammie
2019,5.08,Hammie
2020,4.85,Hammie
2021,3.28,Hammie
2022,6.79,Hammie
2023,18.77,Hammie
2024,11.9,Hammie
2025,7.99,Hammie
1986,0,Ruby Oasis
1987,0.15,Ruby Oasis
1988,0,Ruby Oasis
1989,0.15,Ruby Oasis
1990,0,Ruby Oasis
1991,1.52,Ruby Oasis
1992,0,Ruby Oasis
1993,0.64,Ruby Oasis
1994,0,Ruby Oasis
1995,0,Ruby Oasis
1996,0,Ruby Oasis
1997,4.24,Ruby Oasis
1998,2.05,Ruby Oasis
1999,1.8,Ruby Oasis
2000,0.7,Ruby Oasis
2001,0,Ruby Oasis
2002,0,Ruby Oasis
2003,1.43,Ruby Oasis
2004,1.37,Ruby Oasis
2005,5.8,Ruby Oasis
2006,0.15,Ruby Oasis
2007,6.96,Ruby Oasis
2008,0.97,Ruby Oasis
2009,3.32,Ruby Oasis
2010,2.06,Ruby Oasis
2011,5.56,Ruby Oasis
2012,0,Ruby Oasis
2013,0,Ruby Oasis
2014,7.67,Ruby Oasis
2015,8.44,Ruby Oasis
2016,0.14,Ruby Oasis
2017,2.01,Ruby Oasis
2018,1.61,Ruby Oasis
2019,4.9,Ruby Oasis
2020,4.43,Ruby Oasis
2021,3.05,Ruby Oasis
2022,6.25,Ruby Oasis
2023,18.3,Ruby Oasis
2024,11.56,Ruby Oasis
2025,7.7,Ruby Oasis
1986,0,Barreled
1987,0.15,Barreled
1988,0,Barreled
1989,0.15,Barreled
1990,0,Barreled
1991,1.52,Barreled
1992,0,Barreled
1993,0.64,Barreled
1994,0,Barreled
1995,0,Barreled
1996,0,Barreled
1997,4.24,Barreled
1998,2.05,Barreled
1999,1.8,Barreled
2000,0.7,Barreled
2001,0,Barreled
2002,0,Barreled
2003,1.43,Barreled
2004,1.37,Barreled
2005,5.8,Barreled
2006,0.15,Barreled
2007,6.96,Barreled
2008,0.97,Barreled
2009,3.32,Barreled
2010,2.06,Barreled
2011,5.56,Barreled
2012,0,Barreled
2013,0,Barreled
2014,7.67,Barreled
2015,8.44,Barreled
2016,0.14,Barreled
2017,2.01,Barreled
2018,1.61,Barreled
2019,4.9,Barreled
2020,4.43,Barreled
2021,3.05,Barreled
2022,6.25,Barreled
2023,18.3,Barreled
2024,11.56,Barreled
2025,7.7,Barreled
1986,0,Big Eye
1987,0.15,Big Eye
1988,0,Big Eye
1989,0.15,Big Eye
1990,0,Big Eye
1991,1.51,Big Eye
1992,0,Big Eye
1993,0.63,Big Eye
1994,0,Big Eye
1995,0,Big Eye
1996,0,Big Eye
1997,4.22,Big Eye
1998,2.02,Big Eye
1999,1.95,Big Eye
2000,0.7,Big Eye
2001,0,Big Eye
2002,0,Big Eye
2003,1.15,Big Eye
2004,1.19,Big Eye
2005,5.68,Big Eye
2006,0.15,Big Eye
2007,6.74,Big Eye
2008,0.83,Big Eye
2009,3.15,Big Eye
2010,1.74,Big Eye
2011,5.28,Big Eye
2012,0,Big Eye
2013,0,Big Eye
2014,7.46,Big Eye
2015,8.5,Big Eye
2016,0,Big Eye
2017,2.04,Big Eye
2018,1.26,Big Eye
2019,4.24,Big Eye
2020,4.26,Big Eye
2021,2.25,Big Eye
2022,5.71,Big Eye
2023,18.06,Big Eye
2024,10.65,Big Eye
2025,7.58,Big Eye
1986,0,Suddenly Good
1987,0.15,Suddenly Good
1988,0,Suddenly Good
1989,0.14,Suddenly Good
1990,0,Suddenly Good
1991,1.5,Suddenly Good
1992,0,Suddenly Good
1993,0.49,Suddenly Good
1994,0,Suddenly Good
1995,0,Suddenly Good
1996,0,Suddenly Good
1997,4.21,Suddenly Good
1998,2.01,Suddenly Good
1999,1.96,Suddenly Good
2000,0.7,Suddenly Good
2001,0,Suddenly Good
2002,0,Suddenly Good
2003,1.15,Suddenly Good
2004,1.17,Suddenly Good
2005,5.56,Suddenly Good
2006,0.15,Suddenly Good
2007,6.51,Suddenly Good
2008,0.68,Suddenly Good
2009,3.25,Suddenly Good
2010,1.44,Suddenly Good
2011,5.05,Suddenly Good
2012,0,Suddenly Good
2013,0,Suddenly Good
2014,7.41,Suddenly Good
2015,8.57,Suddenly Good
2016,0,Suddenly Good
2017,2.33,Suddenly Good
2018,0.79,Suddenly Good
2019,4.15,Suddenly Good
2020,4.08,Suddenly Good
2021,2.2,Suddenly Good
2022,5.8,Suddenly Good
2023,17.73,Suddenly Good
2024,10.7,Suddenly Good
2025,7.71,Suddenly Good
1986,0,Twilight
1987,0.15,Twilight
1988,0,Twilight
1989,0.14,Twilight
1990,0,Twilight
1991,1.5,Twilight
1992,0,Twilight
1993,0.49,Twilight
1994,0,Twilight
1995,0,Twilight
1996,0,Twilight
1997,4.21,Twilight
1998,2.01,Twilight
1999,1.96,Twilight
2000,0.7,Twilight
2001,0,Twilight
2002,0,Twilight
2003,1.15,Twilight
2004,1.17,Twilight
2005,5.56,Twilight
2006,0.15,Twilight
2007,6.51,Twilight
2008,0.68,Twilight
2009,3.25,Twilight
2010,1.44,Twilight
2011,5.05,Twilight
2012,0,Twilight
2013,0,Twilight
2014,7.41,Twilight
2015,8.57,Twilight
2016,0,Twilight
2017,2.33,Twilight
2018,0.79,Twilight
2019,4.15,Twilight
2020,4.08,Twilight
2021,2.2,Twilight
2022,5.8,Twilight
2023,17.73,Twilight
2024,10.7,Twilight
2025,7.71,Twilight
1986,0,Wrasseland
1987,0.15,Wrasseland
1988,0,Wrasseland
1989,0.14,Wrasseland
1990,0,Wrasseland
1991,1.5,Wrasseland
1992,0,Wrasseland
1993,0.49,Wrasseland
1994,0,Wrasseland
1995,0,Wrasseland
1996,0,Wrasseland
1997,4.21,Wrasseland
1998,2.01,Wrasseland
1999,1.96,Wrasseland
2000,0.7,Wrasseland
2001,0,Wrasseland
2002,0,Wrasseland
2003,1.15,Wrasseland
2004,1.17,Wrasseland
2005,5.56,Wrasseland
2006,0.15,Wrasseland
2007,6.51,Wrasseland
2008,0.68,Wrasseland
2009,3.25,Wrasseland
2010,1.44,Wrasseland
2011,5.05,Wrasseland
2012,0,Wrasseland
2013,0,Wrasseland
2014,7.41,Wrasseland
2015,8.57,Wrasseland
2016,0,Wrasseland
2017,2.33,Wrasseland
2018,0.79,Wrasseland
2019,4.15,Wrasseland
2020,4.08,Wrasseland
2021,2.2,Wrasseland
2022,5.8,Wrasseland
2023,17.73,Wrasseland
2024,10.7,Wrasseland
2025,7.71,Wrasseland
1986,0,Rawa Reef
1987,0.34,Rawa Reef
1988,0,Rawa Reef
1989,0,Rawa Reef
1990,0,Rawa Reef
1991,0.72,Rawa Reef
1992,0,Rawa Reef
1993,0.82,Rawa Reef
1994,0,Rawa Reef
1995,0,Rawa Reef
1996,0,Rawa Reef
1997,3.96,Rawa Reef
1998,3.03,Rawa Reef
1999,1.92,Rawa Reef
2000,1.22,Rawa Reef
2001,0.37,Rawa Reef
2002,0.52,Rawa Reef
2003,0.77,Rawa Reef
2004,2.32,Rawa Reef
2005,6.47,Rawa Reef
2006,0.3,Rawa Reef
2007,7.25,Rawa Reef
2008,0.77,Rawa Reef
2009,4.14,Rawa Reef
2010,5.39,Rawa Reef
2011,3.83,Rawa Reef
2012,1.18,Rawa Reef
2013,0.15,Rawa Reef
2014,6.08,Rawa Reef
2015,5.9,Rawa Reef
2016,4.75,Rawa Reef
2017,3.06,Rawa Reef
2018,3.88,Rawa Reef
2019,5.02,Rawa Reef
2020,7.45,Rawa Reef
2021,4.23,Rawa Reef
2022,6.96,Rawa Reef
2023,19.9,Rawa Reef
2024,10.43,Rawa Reef
2025,9.34,Rawa Reef
1986,0,Tennessee Shallow
1987,0.17,Tennessee Shallow
1988,0,Tennessee Shallow
1989,0,Tennessee Shallow
1990,0,Tennessee Shallow
1991,0.71,Tennessee Shallow
1992,0,Tennessee Shallow
1993,0.92,Tennessee Shallow
1994,0,Tennessee Shallow
1995,0,Tennessee Shallow
1996,0,Tennessee Shallow
1997,4.02,Tennessee Shallow
1998,2.1,Tennessee Shallow
1999,1.61,Tennessee Shallow
2000,1.13,Tennessee Shallow
2001,0.33,Tennessee Shallow
2002,0.15,Tennessee Shallow
2003,0.15,Tennessee Shallow
2004,0.86,Tennessee Shallow
2005,4.21,Tennessee Shallow
2006,0,Tennessee Shallow
2007,4.19,Tennessee Shallow
2008,0.16,Tennessee Shallow
2009,1.9,Tennessee Shallow
2010,2.29,Tennessee Shallow
2011,2.62,Tennessee Shallow
2012,0.32,Tennessee Shallow
2013,0,Tennessee Shallow
2014,4.61,Tennessee Shallow
2015,4.38,Tennessee Shallow
2016,1.69,Tennessee Shallow
2017,1.27,Tennessee Shallow
2018,2.16,Tennessee Shallow
2019,2.22,Tennessee Shallow
2020,4.03,Tennessee Shallow
2021,2.44,Tennessee Shallow
2022,5.5,Tennessee Shallow
2023,17.76,Tennessee Shallow
2024,7.88,Tennessee Shallow
2025,7.74,Tennessee Shallow
1986,0,Tennessee Deep
1987,0.16,Tennessee Deep
1988,0,Tennessee Deep
1989,0,Tennessee Deep
1990,0,Tennessee Deep
1991,0.72,Tennessee Deep
1992,0,Tennessee Deep
1993,0.95,Tennessee Deep
1994,0,Tennessee Deep
1995,0,Tennessee Deep
1996,0,Tennessee Deep
1997,4.21,Tennessee Deep
1998,2.59,Tennessee Deep
1999,1.63,Tennessee Deep
2000,1.17,Tennessee Deep
2001,0.34,Tennessee Deep
2002,0.45,Tennessee Deep
2003,0.61,Tennessee Deep
2004,1.95,Tennessee Deep
2005,5.79,Tennessee Deep
2006,0.29,Tennessee Deep
2007,5.86,Tennessee Deep
2008,0.36,Tennessee Deep
2009,3.26,Tennessee Deep
2010,4.31,Tennessee Deep
2011,3.45,Tennessee Deep
2012,0.85,Tennessee Deep
2013,0,Tennessee Deep
2014,5.45,Tennessee Deep
2015,5.35,Tennessee Deep
2016,4.38,Tennessee Deep
2017,2.47,Tennessee Deep
2018,3.19,Tennessee Deep
2019,4.2,Tennessee Deep
2020,6.13,Tennessee Deep
2021,3.72,Tennessee Deep
2022,6.6,Tennessee Deep
2023,19.69,Tennessee Deep
2024,9.46,Tennessee Deep
2025,8.76,Tennessee Deep
1986,0,Conch Shallow
1987,0.3,Conch Shallow
1988,0,Conch Shallow
1989,0,Conch Shallow
1990,0,Conch Shallow
1991,0.32,Conch Shallow
1992,0,Conch Shallow
1993,0.45,Conch Shallow
1994,0,Conch Shallow
1995,0,Conch Shallow
1996,0,Conch Shallow
1997,3.46,Conch Shallow
1998,1.92,Conch Shallow
1999,1.34,Conch Shallow
2000,0.44,Conch Shallow
2001,0,Conch Shallow
2002,0,Conch Shallow
2003,0.15,Conch Shallow
2004,1.01,Conch Shallow
2005,4.94,Conch Shallow
2006,0,Conch Shallow
2007,3.19,Conch Shallow
2008,0.3,Conch Shallow
2009,1.24,Conch Shallow
2010,3.21,Conch Shallow
2011,2.5,Conch Shallow
2012,0.31,Conch Shallow
2013,0,Conch Shallow
2014,4.87,Conch Shallow
2015,4.8,Conch Shallow
2016,2.21,Conch Shallow
2017,2.6,Conch Shallow
2018,1.83,Conch Shallow
2019,3.4,Conch Shallow
2020,5.22,Conch Shallow
2021,2.24,Conch Shallow
2022,6.01,Conch Shallow
2023,17.07,Conch Shallow
2024,8.29,Conch Shallow
2025,8.71,Conch Shallow
1986,0,Conch Deep
1987,0.3,Conch Deep
1988,0,Conch Deep
1989,0,Conch Deep
1990,0,Conch Deep
1991,0.32,Conch Deep
1992,0,Conch Deep
1993,0.45,Conch Deep
1994,0,Conch Deep
1995,0,Conch Deep
1996,0,Conch Deep
1997,3.46,Conch Deep
1998,1.92,Conch Deep
1999,1.34,Conch Deep
2000,0.44,Conch Deep
2001,0,Conch Deep
2002,0,Conch Deep
2003,0.15,Conch Deep
2004,1.01,Conch Deep
2005,4.94,Conch Deep
2006,0,Conch Deep
2007,3.19,Conch Deep
2008,0.3,Conch Deep
2009,1.24,Conch Deep
2010,3.21,Conch Deep
2011,2.5,Conch Deep
2012,0.31,Conch Deep
2013,0,Conch Deep
2014,4.87,Conch Deep
2015,4.8,Conch Deep
2016,2.21,Conch Deep
2017,2.6,Conch Deep
2018,1.83,Conch Deep
2019,3.4,Conch Deep
2020,5.22,Conch Deep
2021,2.24,Conch Deep
2022,6.01,Conch Deep
2023,17.07,Conch Deep
2024,8.29,Conch Deep
2025,8.71,Conch Deep
1986,0,Funky Town
1987,0.15,Funky Town
1988,0,Funky Town
1989,0,Funky Town
1990,0,Funky Town
1991,1.4,Funky Town
1992,0,Funky Town
1993,0.32,Funky Town
1994,0,Funky Town
1995,0,Funky Town
1996,0,Funky Town
1997,3.19,Funky Town
1998,1.98,Funky Town
1999,2.11,Funky Town
2000,0.7,Funky Town
2001,0,Funky Town
2002,0,Funky Town
2003,0.31,Funky Town
2004,0.96,Funky Town
2005,3.29,Funky Town
2006,0,Funky Town
2007,2.81,Funky Town
2008,0,Funky Town
2009,1.59,Funky Town
2010,0.92,Funky Town
2011,3.9,Funky Town
2012,0,Funky Town
2013,0,Funky Town
2014,5.79,Funky Town
2015,7.06,Funky Town
2016,0,Funky Town
2017,0.15,Funky Town
2018,0,Funky Town
2019,1.94,Funky Town
2020,1.22,Funky Town
2021,0.75,Funky Town
2022,4.23,Funky Town
2023,14.78,Funky Town
2024,7.62,Funky Town
2025,7.76,Funky Town
1986,0,Megalopolis
1987,0,Megalopolis
1988,0,Megalopolis
1989,0,Megalopolis
1990,0,Megalopolis
1991,1.44,Megalopolis
1992,0,Megalopolis
1993,0.47,Megalopolis
1994,0,Megalopolis
1995,0,Megalopolis
1996,0,Megalopolis
1997,3.4,Megalopolis
1998,1.98,Megalopolis
1999,2.26,Megalopolis
2000,0.7,Megalopolis
2001,0,Megalopolis
2002,0,Megalopolis
2003,0.49,Megalopolis
2004,1.17,Megalopolis
2005,4.49,Megalopolis
2006,0.15,Megalopolis
2007,4.71,Megalopolis
2008,0.33,Megalopolis
2009,2.5,Megalopolis
2010,1.1,Megalopolis
2011,4.04,Megalopolis
2012,0,Megalopolis
2013,0,Megalopolis
2014,7,Megalopolis
2015,7.94,Megalopolis
2016,0,Megalopolis
2017,2.08,Megalopolis
2018,0,Megalopolis
2019,3.07,Megalopolis
2020,2.34,Megalopolis
2021,1.84,Megalopolis
2022,4.93,Megalopolis
2023,16.67,Megalopolis
2024,10.16,Megalopolis
2025,7.6,Megalopolis
1986,0,Snap City
1987,0,Snap City
1988,0,Snap City
1989,0,Snap City
1990,0,Snap City
1991,1.49,Snap City
1992,0,Snap City
1993,0.47,Snap City
1994,0,Snap City
1995,0,Snap City
1996,0,Snap City
1997,3.74,Snap City
1998,2,Snap City
1999,2.25,Snap City
2000,0.71,Snap City
2001,0,Snap City
2002,0,Snap City
2003,1.06,Snap City
2004,1.03,Snap City
2005,4.94,Snap City
2006,0.16,Snap City
2007,5.29,Snap City
2008,0.82,Snap City
2009,2.03,Snap City
2010,0.96,Snap City
2011,3.82,Snap City
2012,0,Snap City
2013,0,Snap City
2014,7.37,Snap City
2015,8.51,Snap City
2016,0,Snap City
2017,3.27,Snap City
2018,0,Snap City
2019,3.58,Snap City
2020,3.38,Snap City
2021,2.16,Snap City
2022,5.93,Snap City
2023,17.62,Snap City
2024,11.16,Snap City
2025,7.49,Snap City
1986,0,Stalactite
1987,0,Stalactite
1988,0,Stalactite
1989,0,Stalactite
1990,0,Stalactite
1991,1.49,Stalactite
1992,0,Stalactite
1993,0.48,Stalactite
1994,0,Stalactite
1995,0,Stalactite
1996,0,Stalactite
1997,4.2,Stalactite
1998,1.99,Stalactite
1999,2.25,Stalactite
2000,0.71,Stalactite
2001,0,Stalactite
2002,0,Stalactite
2003,1.11,Stalactite
2004,1.01,Stalactite
2005,5.01,Stalactite
2006,0.16,Stalactite
2007,5.83,Stalactite
2008,0.99,Stalactite
2009,2.36,Stalactite
2010,0.82,Stalactite
2011,3.79,Stalactite
2012,0,Stalactite
2013,0,Stalactite
2014,7.58,Stalactite
2015,8.53,Stalactite
2016,0,Stalactite
2017,3.63,Stalactite
2018,0.29,Stalactite
2019,4.13,Stalactite
2020,3.63,Stalactite
2021,2.22,Stalactite
2022,6.08,Stalactite
2023,17.88,Stalactite
2024,11.18,Stalactite
2025,7.39,Stalactite
1986,0,Thor
1987,0.52,Thor
1988,0,Thor
1989,0,Thor
1990,0,Thor
1991,0.72,Thor
1992,0,Thor
1993,0.66,Thor
1994,0,Thor
1995,0,Thor
1996,0,Thor
1997,3.67,Thor
1998,2.92,Thor
1999,1.76,Thor
2000,1.22,Thor
2001,0.34,Thor
2002,0.47,Thor
2003,0.32,Thor
2004,2.55,Thor
2005,6.41,Thor
2006,0.45,Thor
2007,7.7,Thor
2008,0.61,Thor
2009,3.79,Thor
2010,5.92,Thor
2011,4.55,Thor
2012,1.01,Thor
2013,0.31,Thor
2014,6.34,Thor
2015,6.11,Thor
2016,4.5,Thor
2017,3.23,Thor
2018,4.05,Thor
2019,5.45,Thor
2020,7.09,Thor
2021,4.08,Thor
2022,6.74,Thor
2023,19.62,Thor
2024,9.91,Thor
2025,9.34,Thor
1986,0,West Turtle Shoal
1987,0.5,West Turtle Shoal
1988,0,West Turtle Shoal
1989,0,West Turtle Shoal
1990,0,West Turtle Shoal
1991,0.71,West Turtle Shoal
1992,0,West Turtle Shoal
1993,0.81,West Turtle Shoal
1994,0,West Turtle Shoal
1995,0,West Turtle Shoal
1996,0,West Turtle Shoal
1997,3.9,West Turtle Shoal
1998,2.88,West Turtle Shoal
1999,1.63,West Turtle Shoal
2000,1.2,West Turtle Shoal
2001,0.35,West Turtle Shoal
2002,0.49,West Turtle Shoal
2003,0.47,West Turtle Shoal
2004,1.88,West Turtle Shoal
2005,5.53,West Turtle Shoal
2006,0.3,West Turtle Shoal
2007,6.76,West Turtle Shoal
2008,0.15,West Turtle Shoal
2009,2.47,West Turtle Shoal
2010,3.91,West Turtle Shoal
2011,3.55,West Turtle Shoal
2012,0.52,West Turtle Shoal
2013,0,West Turtle Shoal
2014,5.51,West Turtle Shoal
2015,5.16,West Turtle Shoal
2016,3.66,West Turtle Shoal
2017,1.82,West Turtle Shoal
2018,2.96,West Turtle Shoal
2019,3.91,West Turtle Shoal
2020,5.26,West Turtle Shoal
2021,3.53,West Turtle Shoal
2022,6.27,West Turtle Shoal
2023,18.75,West Turtle Shoal
2024,9.1,West Turtle Shoal
2025,8.59,West Turtle Shoal
1986,0,Dustan Rocks
1987,0.51,Dustan Rocks
1988,0,Dustan Rocks
1989,0,Dustan Rocks
1990,0,Dustan Rocks
1991,0.71,Dustan Rocks
1992,0,Dustan Rocks
1993,0.81,Dustan Rocks
1994,0,Dustan Rocks
1995,0,Dustan Rocks
1996,0,Dustan Rocks
1997,3.71,Dustan Rocks
1998,2.91,Dustan Rocks
1999,1.62,Dustan Rocks
2000,1.21,Dustan Rocks
2001,0.34,Dustan Rocks
2002,0.48,Dustan Rocks
2003,0.47,Dustan Rocks
2004,2.29,Dustan Rocks
2005,5.77,Dustan Rocks
2006,0.45,Dustan Rocks
2007,7.32,Dustan Rocks
2008,0.44,Dustan Rocks
2009,3.33,Dustan Rocks
2010,5.19,Dustan Rocks
2011,3.92,Dustan Rocks
2012,0.83,Dustan Rocks
2013,0.14,Dustan Rocks
2014,5.84,Dustan Rocks
2015,5.34,Dustan Rocks
2016,3.99,Dustan Rocks
2017,2.61,Dustan Rocks
2018,3.11,Dustan Rocks
2019,4.43,Dustan Rocks
2020,6.51,Dustan Rocks
2021,3.87,Dustan Rocks
2022,6.22,Dustan Rocks
2023,19.15,Dustan Rocks
2024,9.7,Dustan Rocks
2025,8.89,Dustan Rocks
1986,0,Turtle
1987,0.64,Turtle
1988,0,Turtle
1989,0,Turtle
1990,0,Turtle
1991,0,Turtle
1992,0,Turtle
1993,0,Turtle
1994,0,Turtle
1995,0,Turtle
1996,0,Turtle
1997,2.22,Turtle
1998,1.77,Turtle
1999,1.71,Turtle
2000,0,Turtle
2001,0,Turtle
2002,0,Turtle
2003,0,Turtle
2004,1.01,Turtle
2005,4.33,Turtle
2006,0,Turtle
2007,2.43,Turtle
2008,0.14,Turtle
2009,0.45,Turtle
2010,2.38,Turtle
2011,1.03,Turtle
2012,0,Turtle
2013,0,Turtle
2014,4.13,Turtle
2015,3.44,Turtle
2016,0.64,Turtle
2017,1.72,Turtle
2018,0.93,Turtle
2019,2.09,Turtle
2020,3.54,Turtle
2021,1.85,Turtle
2022,5.7,Turtle
2023,16.4,Turtle
2024,7.86,Turtle
2025,8.71,Turtle
1986,0,Average Joe
1987,0.14,Average Joe
1988,0,Average Joe
1989,0,Average Joe
1990,0,Average Joe
1991,1.48,Average Joe
1992,0,Average Joe
1993,0.48,Average Joe
1994,0,Average Joe
1995,0,Average Joe
1996,0,Average Joe
1997,4.03,Average Joe
1998,1.99,Average Joe
1999,2.25,Average Joe
2000,0.7,Average Joe
2001,0,Average Joe
2002,0,Average Joe
2003,0.99,Average Joe
2004,1.15,Average Joe
2005,5.39,Average Joe
2006,0.15,Average Joe
2007,5.5,Average Joe
2008,0.66,Average Joe
2009,2.89,Average Joe
2010,1.41,Average Joe
2011,4.96,Average Joe
2012,0,Average Joe
2013,0,Average Joe
2014,7.03,Average Joe
2015,8.59,Average Joe
2016,0,Average Joe
2017,2.14,Average Joe
2018,0.61,Average Joe
2019,3.7,Average Joe
2020,3.29,Average Joe
2021,2.1,Average Joe
2022,5.41,Average Joe
2023,17.36,Average Joe
2024,10.39,Average Joe
2025,7.67,Average Joe
1986,0,Mantislandia
1987,0.14,Mantislandia
1988,0,Mantislandia
1989,0,Mantislandia
1990,0,Mantislandia
1991,1.48,Mantislandia
1992,0,Mantislandia
1993,0.48,Mantislandia
1994,0,Mantislandia
1995,0,Mantislandia
1996,0,Mantislandia
1997,4.03,Mantislandia
1998,1.99,Mantislandia
1999,2.25,Mantislandia
2000,0.7,Mantislandia
2001,0,Mantislandia
2002,0,Mantislandia
2003,0.99,Mantislandia
2004,1.15,Mantislandia
2005,5.39,Mantislandia
2006,0.15,Mantislandia
2007,5.5,Mantislandia
2008,0.66,Mantislandia
2009,2.89,Mantislandia
2010,1.41,Mantislandia
2011,4.96,Mantislandia
2012,0,Mantislandia
2013,0,Mantislandia
2014,7.03,Mantislandia
2015,8.59,Mantislandia
2016,0,Mantislandia
2017,2.14,Mantislandia
2018,0.61,Mantislandia
2019,3.7,Mantislandia
2020,3.29,Mantislandia
2021,2.1,Mantislandia
2022,5.41,Mantislandia
2023,17.36,Mantislandia
2024,10.39,Mantislandia
2025,7.67,Mantislandia
1986,0,Porter Patch
1987,0.33,Porter Patch
1988,0,Porter Patch
1989,0,Porter Patch
1990,0,Porter Patch
1991,0,Porter Patch
1992,0,Porter Patch
1993,0,Porter Patch
1994,0,Porter Patch
1995,0,Porter Patch
1996,0,Porter Patch
1997,2.85,Porter Patch
1998,1.83,Porter Patch
1999,1.74,Porter Patch
2000,0,Porter Patch
2001,0,Porter Patch
2002,0,Porter Patch
2003,0,Porter Patch
2004,1.11,Porter Patch
2005,4.55,Porter Patch
2006,0,Porter Patch
2007,2.6,Porter Patch
2008,0.15,Porter Patch
2009,0.65,Porter Patch
2010,2.82,Porter Patch
2011,1.59,Porter Patch
2012,0.29,Porter Patch
2013,0,Porter Patch
2014,4.71,Porter Patch
2015,4.21,Porter Patch
2016,0.79,Porter Patch
2017,2.55,Porter Patch
2018,1.11,Porter Patch
2019,3.14,Porter Patch
2020,4.28,Porter Patch
2021,2.33,Porter Patch
2022,6.12,Porter Patch
2023,17.28,Porter Patch
2024,7.97,Porter Patch
2025,8.53,Porter Patch
1986,0,Grecian Rocks
1987,0.33,Grecian Rocks
1988,0,Grecian Rocks
1989,0,Grecian Rocks
1990,0,Grecian Rocks
1991,0,Grecian Rocks
1992,0,Grecian Rocks
1993,0,Grecian Rocks
1994,0,Grecian Rocks
1995,0,Grecian Rocks
1996,0,Grecian Rocks
1997,2.85,Grecian Rocks
1998,1.83,Grecian Rocks
1999,1.74,Grecian Rocks
2000,0,Grecian Rocks
2001,0,Grecian Rocks
2002,0,Grecian Rocks
2003,0,Grecian Rocks
2004,1.11,Grecian Rocks
2005,4.55,Grecian Rocks
2006,0,Grecian Rocks
2007,2.6,Grecian Rocks
2008,0.15,Grecian Rocks
2009,0.65,Grecian Rocks
2010,2.82,Grecian Rocks
2011,1.59,Grecian Rocks
2012,0.29,Grecian Rocks
2013,0,Grecian Rocks
2014,4.71,Grecian Rocks
2015,4.21,Grecian Rocks
2016,0.79,Grecian Rocks
2017,2.55,Grecian Rocks
2018,1.11,Grecian Rocks
2019,3.14,Grecian Rocks
2020,4.28,Grecian Rocks
2021,2.33,Grecian Rocks
2022,6.12,Grecian Rocks
2023,17.28,Grecian Rocks
2024,7.97,Grecian Rocks
2025,8.53,Grecian Rocks
1986,0,Content Keys
1987,0.5,Content Keys
1988,0,Content Keys
1989,0,Content Keys
1990,0,Content Keys
1991,2.25,Content Keys
1992,0,Content Keys
1993,0.8,Content Keys
1994,0,Content Keys
1995,0,Content Keys
1996,0,Content Keys
1997,4.76,Content Keys
1998,2.11,Content Keys
1999,1.82,Content Keys
2000,1.05,Content Keys
2001,0.14,Content Keys
2002,0,Content Keys
2003,1.45,Content Keys
2004,3.11,Content Keys
2005,7.11,Content Keys
2006,0,Content Keys
2007,7.94,Content Keys
2008,0.62,Content Keys
2009,4.01,Content Keys
2010,4.91,Content Keys
2011,4.22,Content Keys
2012,1.02,Content Keys
2013,0,Content Keys
2014,7.4,Content Keys
2015,7.58,Content Keys
2016,4.13,Content Keys
2017,3.4,Content Keys
2018,4.66,Content Keys
2019,7.82,Content Keys
2020,8.34,Content Keys
2021,3.78,Content Keys
2022,6.74,Content Keys
2023,21.18,Content Keys
2024,9.92,Content Keys
2025,10.92,Content Keys
1986,0,Sombrero Shallow
1987,0.52,Sombrero Shallow
1988,0,Sombrero Shallow
1989,0,Sombrero Shallow
1990,0,Sombrero Shallow
1991,0.86,Sombrero Shallow
1992,0,Sombrero Shallow
1993,0.93,Sombrero Shallow
1994,0,Sombrero Shallow
1995,0,Sombrero Shallow
1996,0,Sombrero Shallow
1997,3.64,Sombrero Shallow
1998,2.73,Sombrero Shallow
1999,1.61,Sombrero Shallow
2000,1.19,Sombrero Shallow
2001,0.31,Sombrero Shallow
2002,0.44,Sombrero Shallow
2003,0.15,Sombrero Shallow
2004,2.08,Sombrero Shallow
2005,5.37,Sombrero Shallow
2006,0.3,Sombrero Shallow
2007,6.77,Sombrero Shallow
2008,0.29,Sombrero Shallow
2009,2.72,Sombrero Shallow
2010,4.3,Sombrero Shallow
2011,3.97,Sombrero Shallow
2012,0.54,Sombrero Shallow
2013,0,Sombrero Shallow
2014,5.42,Sombrero Shallow
2015,5.43,Sombrero Shallow
2016,3.75,Sombrero Shallow
2017,2.42,Sombrero Shallow
2018,3.21,Sombrero Shallow
2019,4.43,Sombrero Shallow
2020,5.09,Sombrero Shallow
2021,3.62,Sombrero Shallow
2022,5.8,Sombrero Shallow
2023,18.76,Sombrero Shallow
2024,8.9,Sombrero Shallow
2025,8.75,Sombrero Shallow
1986,0,Sombrero Deep
1987,0.52,Sombrero Deep
1988,0,Sombrero Deep
1989,0,Sombrero Deep
1990,0,Sombrero Deep
1991,0.86,Sombrero Deep
1992,0,Sombrero Deep
1993,0.93,Sombrero Deep
1994,0,Sombrero Deep
1995,0,Sombrero Deep
1996,0,Sombrero Deep
1997,3.64,Sombrero Deep
1998,2.73,Sombrero Deep
1999,1.61,Sombrero Deep
2000,1.19,Sombrero Deep
2001,0.31,Sombrero Deep
2002,0.44,Sombrero Deep
2003,0.15,Sombrero Deep
2004,2.08,Sombrero Deep
2005,5.37,Sombrero Deep
2006,0.3,Sombrero Deep
2007,6.77,Sombrero Deep
2008,0.29,Sombrero Deep
2009,2.72,Sombrero Deep
2010,4.3,Sombrero Deep
2011,3.97,Sombrero Deep
2012,0.54,Sombrero Deep
2013,0,Sombrero Deep
2014,5.42,Sombrero Deep
2015,5.43,Sombrero Deep
2016,3.75,Sombrero Deep
2017,2.42,Sombrero Deep
2018,3.21,Sombrero Deep
2019,4.43,Sombrero Deep
2020,5.09,Sombrero Deep
2021,3.62,Sombrero Deep
2022,5.8,Sombrero Deep
2023,18.76,Sombrero Deep
2024,8.9,Sombrero Deep
2025,8.75,Sombrero Deep
1986,0,Alligator Shallow
1987,0,Alligator Shallow
1988,0,Alligator Shallow
1989,0,Alligator Shallow
1990,0,Alligator Shallow
1991,0.54,Alligator Shallow
1992,0,Alligator Shallow
1993,0.77,Alligator Shallow
1994,0,Alligator Shallow
1995,0,Alligator Shallow
1996,0,Alligator Shallow
1997,3.97,Alligator Shallow
1998,2.04,Alligator Shallow
1999,1.58,Alligator Shallow
2000,0.8,Alligator Shallow
2001,0.15,Alligator Shallow
2002,0,Alligator Shallow
2003,0.15,Alligator Shallow
2004,1.14,Alligator Shallow
2005,4.93,Alligator Shallow
2006,0,Alligator Shallow
2007,3.42,Alligator Shallow
2008,0.17,Alligator Shallow
2009,1.69,Alligator Shallow
2010,1.9,Alligator Shallow
2011,2.57,Alligator Shallow
2012,0.32,Alligator Shallow
2013,0,Alligator Shallow
2014,4.72,Alligator Shallow
2015,4.58,Alligator Shallow
2016,1.87,Alligator Shallow
2017,1.44,Alligator Shallow
2018,1.68,Alligator Shallow
2019,2.39,Alligator Shallow
2020,3.76,Alligator Shallow
2021,1.76,Alligator Shallow
2022,5.02,Alligator Shallow
2023,17.43,Alligator Shallow
2024,7.9,Alligator Shallow
2025,8.32,Alligator Shallow
1986,0,Alligator Deep
1987,0,Alligator Deep
1988,0,Alligator Deep
1989,0,Alligator Deep
1990,0,Alligator Deep
1991,0.54,Alligator Deep
1992,0,Alligator Deep
1993,0.77,Alligator Deep
1994,0,Alligator Deep
1995,0,Alligator Deep
1996,0,Alligator Deep
1997,3.97,Alligator Deep
1998,2.04,Alligator Deep
1999,1.58,Alligator Deep
2000,0.8,Alligator Deep
2001,0.15,Alligator Deep
2002,0,Alligator Deep
2003,0.15,Alligator Deep
2004,1.14,Alligator Deep
2005,4.93,Alligator Deep
2006,0,Alligator Deep
2007,3.42,Alligator Deep
2008,0.17,Alligator Deep
2009,1.69,Alligator Deep
2010,1.9,Alligator Deep
2011,2.57,Alligator Deep
2012,0.32,Alligator Deep
2013,0,Alligator Deep
2014,4.72,Alligator Deep
2015,4.58,Alligator Deep
2016,1.87,Alligator Deep
2017,1.44,Alligator Deep
2018,1.68,Alligator Deep
2019,2.39,Alligator Deep
2020,3.76,Alligator Deep
2021,1.76,Alligator Deep
2022,5.02,Alligator Deep
2023,17.43,Alligator Deep
2024,7.9,Alligator Deep
2025,8.32,Alligator Deep
1986,0,Carysfort Deep
1987,0.63,Carysfort Deep
1988,0,Carysfort Deep
1989,0,Carysfort Deep
1990,0,Carysfort Deep
1991,0,Carysfort Deep
1992,0,Carysfort Deep
1993,0,Carysfort Deep
1994,0,Carysfort Deep
1995,0,Carysfort Deep
1996,0,Carysfort Deep
1997,2.22,Carysfort Deep
1998,1.76,Carysfort Deep
1999,1.85,Carysfort Deep
2000,0,Carysfort Deep
2001,0,Carysfort Deep
2002,0,Carysfort Deep
2003,0,Carysfort Deep
2004,0.96,Carysfort Deep
2005,3.97,Carysfort Deep
2006,0,Carysfort Deep
2007,1.45,Carysfort Deep
2008,0,Carysfort Deep
2009,0.3,Carysfort Deep
2010,1.8,Carysfort Deep
2011,1.42,Carysfort Deep
2012,0,Carysfort Deep
2013,0,Carysfort Deep
2014,4.04,Carysfort Deep
2015,3.23,Carysfort Deep
2016,0.31,Carysfort Deep
2017,1,Carysfort Deep
2018,0.58,Carysfort Deep
2019,1.9,Carysfort Deep
2020,2.9,Carysfort Deep
2021,1.72,Carysfort Deep
2022,5.23,Carysfort Deep
2023,16.21,Carysfort Deep
2024,7.1,Carysfort Deep
2025,8.41,Carysfort Deep
1986,0,Two Patches
1987,0.31,Two Patches
1988,0,Two Patches
1989,0,Two Patches
1990,0,Two Patches
1991,0.15,Two Patches
1992,0,Two Patches
1993,0.29,Two Patches
1994,0,Two Patches
1995,0,Two Patches
1996,0,Two Patches
1997,3.24,Two Patches
1998,1.91,Two Patches
1999,1.46,Two Patches
2000,0.29,Two Patches
2001,0,Two Patches
2002,0,Two Patches
2003,0.14,Two Patches
2004,1.28,Two Patches
2005,4.92,Two Patches
2006,0,Two Patches
2007,3.13,Two Patches
2008,0.3,Two Patches
2009,1.2,Two Patches
2010,3.07,Two Patches
2011,2.28,Two Patches
2012,0.31,Two Patches
2013,0,Two Patches
2014,4.84,Two Patches
2015,4.75,Two Patches
2016,1.99,Two Patches
2017,2.98,Two Patches
2018,1.51,Two Patches
2019,3.58,Two Patches
2020,5.25,Two Patches
2021,2.53,Two Patches
2022,5.9,Two Patches
2023,17.07,Two Patches
2024,8.71,Two Patches
2025,8.71,Two Patches
1986,0,Burr Fish
1987,0.3,Burr Fish
1988,0,Burr Fish
1989,0,Burr Fish
1990,0,Burr Fish
1991,0.32,Burr Fish
1992,0,Burr Fish
1993,0.45,Burr Fish
1994,0,Burr Fish
1995,0,Burr Fish
1996,0,Burr Fish
1997,3.46,Burr Fish
1998,1.92,Burr Fish
1999,1.34,Burr Fish
2000,0.44,Burr Fish
2001,0,Burr Fish
2002,0,Burr Fish
2003,0.15,Burr Fish
2004,1.01,Burr Fish
2005,4.94,Burr Fish
2006,0,Burr Fish
2007,3.19,Burr Fish
2008,0.3,Burr Fish
2009,1.24,Burr Fish
2010,3.21,Burr Fish
2011,2.5,Burr Fish
2012,0.31,Burr Fish
2013,0,Burr Fish
2014,4.87,Burr Fish
2015,4.8,Burr Fish
2016,2.21,Burr Fish
2017,2.6,Burr Fish
2018,1.83,Burr Fish
2019,3.4,Burr Fish
2020,5.22,Burr Fish
2021,2.24,Burr Fish
2022,6.01,Burr Fish
2023,17.07,Burr Fish
2024,8.29,Burr Fish
2025,8.71,Burr Fish
1986,0,Admiral
1987,0.32,Admiral
1988,0,Admiral
1989,0,Admiral
1990,0,Admiral
1991,0.14,Admiral
1992,0,Admiral
1993,0,Admiral
1994,0,Admiral
1995,0,Admiral
1996,0,Admiral
1997,3.05,Admiral
1998,1.72,Admiral
1999,1.58,Admiral
2000,0,Admiral
2001,0,Admiral
2002,0,Admiral
2003,0,Admiral
2004,0.64,Admiral
2005,4.47,Admiral
2006,0,Admiral
2007,2.06,Admiral
2008,0,Admiral
2009,0.79,Admiral
2010,1.96,Admiral
2011,1.76,Admiral
2012,0.15,Admiral
2013,0,Admiral
2014,4.46,Admiral
2015,4.07,Admiral
2016,0.49,Admiral
2017,1.28,Admiral
2018,0.61,Admiral
2019,1.97,Admiral
2020,2.92,Admiral
2021,1.15,Admiral
2022,5.25,Admiral
2023,15.79,Admiral
2024,7.17,Admiral
2025,8.15,Admiral
1986,0,Carysfort Shallow
1987,0.63,Carysfort Shallow
1988,0,Carysfort Shallow
1989,0,Carysfort Shallow
1990,0,Carysfort Shallow
1991,0,Carysfort Shallow
1992,0,Carysfort Shallow
1993,0,Carysfort Shallow
1994,0,Carysfort Shallow
1995,0,Carysfort Shallow
1996,0,Carysfort Shallow
1997,2.22,Carysfort Shallow
1998,1.76,Carysfort Shallow
1999,1.85,Carysfort Shallow
2000,0,Carysfort Shallow
2001,0,Carysfort Shallow
2002,0,Carysfort Shallow
2003,0,Carysfort Shallow
2004,0.96,Carysfort Shallow
2005,3.97,Carysfort Shallow
2006,0,Carysfort Shallow
2007,1.45,Carysfort Shallow
2008,0,Carysfort Shallow
2009,0.3,Carysfort Shallow
2010,1.8,Carysfort Shallow
2011,1.42,Carysfort Shallow
2012,0,Carysfort Shallow
2013,0,Carysfort Shallow
2014,4.04,Carysfort Shallow
2015,3.23,Carysfort Shallow
2016,0.31,Carysfort Shallow
2017,1,Carysfort Shallow
2018,0.58,Carysfort Shallow
2019,1.9,Carysfort Shallow
2020,2.9,Carysfort Shallow
2021,1.72,Carysfort Shallow
2022,5.23,Carysfort Shallow
2023,16.21,Carysfort Shallow
2024,7.1,Carysfort Shallow
2025,8.41,Carysfort Shallow
1986,0,Rattlesnake
1987,0.33,Rattlesnake
1988,0,Rattlesnake
1989,0,Rattlesnake
1990,0,Rattlesnake
1991,0,Rattlesnake
1992,0,Rattlesnake
1993,0,Rattlesnake
1994,0,Rattlesnake
1995,0,Rattlesnake
1996,0,Rattlesnake
1997,2.55,Rattlesnake
1998,1.98,Rattlesnake
1999,1.89,Rattlesnake
2000,0,Rattlesnake
2001,0,Rattlesnake
2002,0,Rattlesnake
2003,0,Rattlesnake
2004,1.77,Rattlesnake
2005,4.63,Rattlesnake
2006,0,Rattlesnake
2007,3.65,Rattlesnake
2008,0.31,Rattlesnake
2009,0.68,Rattlesnake
2010,3.34,Rattlesnake
2011,1.49,Rattlesnake
2012,0.3,Rattlesnake
2013,0,Rattlesnake
2014,4.82,Rattlesnake
2015,4.42,Rattlesnake
2016,1.61,Rattlesnake
2017,3.38,Rattlesnake
2018,1.97,Rattlesnake
2019,3.85,Rattlesnake
2020,6.21,Rattlesnake
2021,3.02,Rattlesnake
2022,6.4,Rattlesnake
2023,17.97,Rattlesnake
2024,8.86,Rattlesnake
2025,9.08,Rattlesnake
1986,0,Molasses Shallow
1987,0.32,Molasses Shallow
1988,0,Molasses Shallow
1989,0,Molasses Shallow
1990,0,Molasses Shallow
1991,0.14,Molasses Shallow
1992,0,Molasses Shallow
1993,0,Molasses Shallow
1994,0,Molasses Shallow
1995,0,Molasses Shallow
1996,0,Molasses Shallow
1997,3.05,Molasses Shallow
1998,1.72,Molasses Shallow
1999,1.58,Molasses Shallow
2000,0,Molasses Shallow
2001,0,Molasses Shallow
2002,0,Molasses Shallow
2003,0,Molasses Shallow
2004,0.64,Molasses Shallow
2005,4.47,Molasses Shallow
2006,0,Molasses Shallow
2007,2.06,Molasses Shallow
2008,0,Molasses Shallow
2009,0.79,Molasses Shallow
2010,1.96,Molasses Shallow
2011,1.76,Molasses Shallow
2012,0.15,Molasses Shallow
2013,0,Molasses Shallow
2014,4.46,Molasses Shallow
2015,4.07,Molasses Shallow
2016,0.49,Molasses Shallow
2017,1.28,Molasses Shallow
2018,0.61,Molasses Shallow
2019,1.97,Molasses Shallow
2020,2.92,Molasses Shallow
2021,1.15,Molasses Shallow
2022,5.25,Molasses Shallow
2023,15.79,Molasses Shallow
2024,7.17,Molasses Shallow
2025,8.15,Molasses Shallow
1986,0,Molasses Deep
1987,0.32,Molasses Deep
1988,0,Molasses Deep
1989,0,Molasses Deep
1990,0,Molasses Deep
1991,0.14,Molasses Deep
1992,0,Molasses Deep
1993,0,Molasses Deep
1994,0,Molasses Deep
1995,0,Molasses Deep
1996,0,Molasses Deep
1997,3.05,Molasses Deep
1998,1.72,Molasses Deep
1999,1.58,Molasses Deep
2000,0,Molasses Deep
2001,0,Molasses Deep
2002,0,Molasses Deep
2003,0,Molasses Deep
2004,0.64,Molasses Deep
2005,4.47,Molasses Deep
2006,0,Molasses Deep
2007,2.06,Molasses Deep
2008,0,Molasses Deep
2009,0.79,Molasses Deep
2010,1.96,Molasses Deep
2011,1.76,Molasses Deep
2012,0.15,Molasses Deep
2013,0,Molasses Deep
2014,4.46,Molasses Deep
2015,4.07,Molasses Deep
2016,0.49,Molasses Deep
2017,1.28,Molasses Deep
2018,0.61,Molasses Deep
2019,1.97,Molasses Deep
2020,2.92,Molasses Deep
2021,1.15,Molasses Deep
2022,5.25,Molasses Deep
2023,15.79,Molasses Deep
2024,7.17,Molasses Deep
2025,8.15,Molasses Deep
1986,0,Cheeca Rocks
1987,0.15,Cheeca Rocks
1988,0,Cheeca Rocks
1989,0,Cheeca Rocks
1990,0,Cheeca Rocks
1991,0.52,Cheeca Rocks
1992,0,Cheeca Rocks
1993,0.79,Cheeca Rocks
1994,0,Cheeca Rocks
1995,0,Cheeca Rocks
1996,0,Cheeca Rocks
1997,4.25,Cheeca Rocks
1998,2.59,Cheeca Rocks
1999,1.74,Cheeca Rocks
2000,0.83,Cheeca Rocks
2001,0.15,Cheeca Rocks
2002,0,Cheeca Rocks
2003,0.48,Cheeca Rocks
2004,2.56,Cheeca Rocks
2005,6.62,Cheeca Rocks
2006,0.15,Cheeca Rocks
2007,6.16,Cheeca Rocks
2008,0.58,Cheeca Rocks
2009,3.81,Cheeca Rocks
2010,5.51,Cheeca Rocks
2011,4.24,Cheeca Rocks
2012,0.71,Cheeca Rocks
2013,0,Cheeca Rocks
2014,5.84,Cheeca Rocks
2015,6.06,Cheeca Rocks
2016,5.06,Cheeca Rocks
2017,4.76,Cheeca Rocks
2018,5.57,Cheeca Rocks
2019,5.9,Cheeca Rocks
2020,8.48,Cheeca Rocks
2021,4.36,Cheeca Rocks
2022,7.44,Cheeca Rocks
2023,20.35,Cheeca Rocks
2024,11.31,Cheeca Rocks
2025,10.17,Cheeca Rocks
1986,0,Dove Key
1987,0.31,Dove Key
1988,0,Dove Key
1989,0,Dove Key
1990,0,Dove Key
1991,0.3,Dove Key
1992,0,Dove Key
1993,0.45,Dove Key
1994,0,Dove Key
1995,0,Dove Key
1996,0,Dove Key
1997,3.43,Dove Key
1998,2.23,Dove Key
1999,1.35,Dove Key
2000,0.45,Dove Key
2001,0,Dove Key
2002,0,Dove Key
2003,0.16,Dove Key
2004,1.84,Dove Key
2005,5.46,Dove Key
2006,0,Dove Key
2007,4.26,Dove Key
2008,0.35,Dove Key
2009,1.84,Dove Key
2010,4.16,Dove Key
2011,2.57,Dove Key
2012,0.33,Dove Key
2013,0,Dove Key
2014,5.26,Dove Key
2015,5.48,Dove Key
2016,2.92,Dove Key
2017,3.96,Dove Key
2018,3.12,Dove Key
2019,4.78,Dove Key
2020,7.25,Dove Key
2021,3.32,Dove Key
2022,6.7,Dove Key
2023,18.61,Dove Key
2024,9.69,Dove Key
2025,9.59,Dove Key
1986,0,El Radabob
1987,0.33,El Radabob
1988,0,El Radabob
1989,0,El Radabob
1990,0,El Radabob
1991,0,El Radabob
1992,0,El Radabob
1993,0.29,El Radabob
1994,0,El Radabob
1995,0,El Radabob
1996,0,El Radabob
1997,3.17,El Radabob
1998,2.03,El Radabob
1999,1.61,El Radabob
2000,0.14,El Radabob
2001,0,El Radabob
2002,0,El Radabob
2003,0,El Radabob
2004,1.79,El Radabob
2005,5.14,El Radabob
2006,0,El Radabob
2007,3.69,El Radabob
2008,0.33,El Radabob
2009,1.2,El Radabob
2010,3.71,El Radabob
2011,1.68,El Radabob
2012,0.31,El Radabob
2013,0,El Radabob
2014,4.94,El Radabob
2015,4.73,El Radabob
2016,2.16,El Radabob
2017,3.84,El Radabob
2018,2.32,El Radabob
2019,4.16,El Radabob
2020,6.62,El Radabob
2021,3.22,El Radabob
2022,6.9,El Radabob
2023,18.27,El Radabob
2024,9.67,El Radabob
2025,9.25,El Radabob
1986,0,Broward County 6
1987,0.45,Broward County 6
1988,0,Broward County 6
1989,0,Broward County 6
1990,0,Broward County 6
1991,0,Broward County 6
1992,0,Broward County 6
1993,0,Broward County 6
1994,0,Broward County 6
1995,0,Broward County 6
1996,0,Broward County 6
1997,0.73,Broward County 6
1998,0.7,Broward County 6
1999,0.14,Broward County 6
2000,0,Broward County 6
2001,0,Broward County 6
2002,0,Broward County 6
2003,0,Broward County 6
2004,0.15,Broward County 6
2005,2.82,Broward County 6
2006,0,Broward County 6
2007,0.31,Broward County 6
2008,0,Broward County 6
2009,0,Broward County 6
2010,0.3,Broward County 6
2011,0.47,Broward County 6
2012,0,Broward County 6
2013,0,Broward County 6
2014,1.47,Broward County 6
2015,0.61,Broward County 6
2016,0,Broward County 6
2017,0,Broward County 6
2018,0,Broward County 6
2019,0.15,Broward County 6
2020,0,Broward County 6
2021,0,Broward County 6
2022,2.16,Broward County 6
2023,11.35,Broward County 6
2024,3.49,Broward County 6
2025,6.19,Broward County 6
1986,0,Moser Channel
1987,0.53,Moser Channel
1988,0,Moser Channel
1989,0,Moser Channel
1990,0,Moser Channel
1991,1.21,Moser Channel
1992,0,Moser Channel
1993,0.97,Moser Channel
1994,0,Moser Channel
1995,0,Moser Channel
1996,0,Moser Channel
1997,3.7,Moser Channel
1998,3.07,Moser Channel
1999,1.92,Moser Channel
2000,1.23,Moser Channel
2001,0.32,Moser Channel
2002,0.29,Moser Channel
2003,0.31,Moser Channel
2004,3.22,Moser Channel
2005,6.89,Moser Channel
2006,0.59,Moser Channel
2007,8.61,Moser Channel
2008,0.82,Moser Channel
2009,4.99,Moser Channel
2010,7.27,Moser Channel
2011,5.32,Moser Channel
2012,1.71,Moser Channel
2013,0.51,Moser Channel
2014,7.53,Moser Channel
2015,7.21,Moser Channel
2016,5.45,Moser Channel
2017,5,Moser Channel
2018,5.04,Moser Channel
2019,7.8,Moser Channel
2020,8.59,Moser Channel
2021,5.45,Moser Channel
2022,7.32,Moser Channel
2023,20.83,Moser Channel
2024,11.04,Moser Channel
2025,10.52,Moser Channel
1986,0,Long Key
1987,0.16,Long Key
1988,0,Long Key
1989,0,Long Key
1990,0,Long Key
1991,0.72,Long Key
1992,0,Long Key
1993,0.95,Long Key
1994,0,Long Key
1995,0,Long Key
1996,0,Long Key
1997,4.21,Long Key
1998,2.59,Long Key
1999,1.63,Long Key
2000,1.17,Long Key
2001,0.34,Long Key
2002,0.45,Long Key
2003,0.61,Long Key
2004,1.95,Long Key
2005,5.79,Long Key
2006,0.29,Long Key
2007,5.86,Long Key
2008,0.36,Long Key
2009,3.26,Long Key
2010,4.31,Long Key
2011,3.45,Long Key
2012,0.85,Long Key
2013,0,Long Key
2014,5.45,Long Key
2015,5.35,Long Key
2016,4.38,Long Key
2017,2.47,Long Key
2018,3.19,Long Key
2019,4.2,Long Key
2020,6.13,Long Key
2021,3.72,Long Key
2022,6.6,Long Key
2023,19.69,Long Key
2024,9.46,Long Key
2025,8.76,Long Key
1986,0,Sawyer Key
1987,0.35,Sawyer Key
1988,0,Sawyer Key
1989,0,Sawyer Key
1990,0,Sawyer Key
1991,2.26,Sawyer Key
1992,0,Sawyer Key
1993,0.8,Sawyer Key
1994,0,Sawyer Key
1995,0,Sawyer Key
1996,0,Sawyer Key
1997,4.92,Sawyer Key
1998,1.98,Sawyer Key
1999,1.82,Sawyer Key
2000,1.07,Sawyer Key
2001,0,Sawyer Key
2002,0,Sawyer Key
2003,1.32,Sawyer Key
2004,2.6,Sawyer Key
2005,7.01,Sawyer Key
2006,0,Sawyer Key
2007,8.17,Sawyer Key
2008,0.63,Sawyer Key
2009,3.48,Sawyer Key
2010,4.61,Sawyer Key
2011,4.71,Sawyer Key
2012,1.06,Sawyer Key
2013,0,Sawyer Key
2014,7.16,Sawyer Key
2015,8.15,Sawyer Key
2016,4.22,Sawyer Key
2017,2.92,Sawyer Key
2018,4.63,Sawyer Key
2019,8.22,Sawyer Key
2020,8.01,Sawyer Key
2021,4.09,Sawyer Key
2022,6.88,Sawyer Key
2023,21.39,Sawyer Key
2024,9.64,Sawyer Key
2025,10.75,Sawyer Key