"term","estimate","conf.low","conf.high","p.value","taxa","response"
"sst_mean_region",-0.621461946582324,-3.49637947125295,2.2534555780883,0.655149572738134,"AGAR","Juveniles"
"sst_mean_dev",0.918488259302389,-1.8941832360149,3.73115975461968,0.501415074127187,"AGAR","Juveniles"
"dhw_log_region",-0.01675949263979,-0.176637994735741,0.143119009456161,0.828168863265101,"AGAR","Juveniles"
"dhw_log_dev",0.143934284806084,-0.453424085267114,0.741292654879282,0.618846157970987,"AGAR","Juveniles"
"kd_log_region",0.0463121859512774,-2.17465044910346,2.26727482100602,0.965538939483243,"AGAR","Juveniles"
"kd_log_dev",-0.850670745211003,-1.74026915211869,0.0389276616966862,0.0597784306516074,"AGAR","Juveniles"
"depth_region",-0.135061335818147,-0.362720891285596,0.0925982196493013,0.155458365277085,"AGAR","Juveniles"
"depth_dev",-0.017039200969948,-0.0552411719613935,0.0211627700214975,0.366441637661839,"AGAR","Juveniles"
"recruit_density_log_region",-0.0028362340019901,-0.231304523864896,0.225632055860916,0.979479620794593,"AGAR","Juveniles"
"recruit_density_log_dev",0.0277768877775458,-0.087092249433131,0.142646024988223,0.617600777673819,"AGAR","Juveniles"
"adult_density_log_region",1.08002925779436,-2.61641286119865,4.77647137678737,0.546995405877787,"AGAR","Juveniles"
"adult_density_log_dev",1.2115779665594,0.617852378155801,1.80530355496299,0.000443490428707782,"AGAR","Juveniles"
"macroalgae_sqrt_region",-0.00388673802086871,-1.18309226316902,1.17531878712728,0.994551043738489,"AGAR","Juveniles"
"macroalgae_sqrt_dev",-0.57330709123923,-1.68937936107756,0.542765178599095,0.294744963474687,"AGAR","Juveniles"
"sst_mean_region",-0.154278791291112,-1.07404250401927,0.765484921437051,0.730075836015815,"FAVI","Juveniles"
"sst_mean_dev",-1.13066840285258,-3.32744337453321,1.06610656882806,0.29577019377638,"FAVI","Juveniles"
"dhw_log_region",0.0203371049317799,-0.111874609759806,0.152548819623366,0.75163939322082,"FAVI","Juveniles"
"dhw_log_dev",-0.0742917973503395,-0.567244285279483,0.418660690578804,0.756495132002746,"FAVI","Juveniles"
"kd_log_region",-1.64147824749824,-3.74536081140756,0.462404316411086,0.119283810407746,"FAVI","Juveniles"
"kd_log_dev",-0.317465512399422,-1.06392530178711,0.428994276988267,0.38554264329609,"FAVI","Juveniles"
"depth_region",-0.0302392808361109,-0.230542004626518,0.170063442954296,0.663768231399816,"FAVI","Juveniles"
"depth_dev",0.0230411336261609,-0.00943349240141656,0.0555157596537383,0.156072396265841,"FAVI","Juveniles"
"recruit_density_log_region",-0.254886458933338,-0.825224694456388,0.315451776589713,0.362338080504081,"FAVI","Juveniles"
"recruit_density_log_dev",-0.0622730977097209,-0.18877244070172,0.0642262452822781,0.316738019212584,"FAVI","Juveniles"
"macroalgae_sqrt_region",-0.445135547701688,-1.82382526345885,0.933554168055469,0.508343364396464,"FAVI","Juveniles"
"macroalgae_sqrt_dev",0.454032268919773,-0.44335506267444,1.35141960051399,0.303829458856419,"FAVI","Juveniles"
"sst_mean_region",-1.52187461688017,-3.19476072079597,0.151011487035625,0.0720267070837188,"PORI","Juveniles"
"sst_mean_dev",-0.829893366942027,-4.36607488903534,2.70628815515129,0.627933021518464,"PORI","Juveniles"
"dhw_log_region",0.000409313386444376,-0.228815159216453,0.229633785989342,0.997048008428736,"PORI","Juveniles"
"dhw_log_dev",0.464344463418384,-0.353811064674815,1.28249999151158,0.248595362431418,"PORI","Juveniles"
"kd_log_region",-0.27819131240384,-2.68550421348375,2.12912158867606,0.81091734581826,"PORI","Juveniles"
"kd_log_dev",-0.32800045691279,-1.36822752722641,0.712226613400826,0.516073057850714,"PORI","Juveniles"
"depth_region",-0.0667877437752236,-0.408039967139684,0.274464479589236,0.577521284307101,"PORI","Juveniles"
"depth_dev",-0.0157899060271823,-0.0619446857107438,0.0303648736563792,0.48693931713731,"PORI","Juveniles"
"recruit_density_log_region",0.0231143054716106,-0.293128060089387,0.339356671032609,0.879667171978056,"PORI","Juveniles"
"recruit_density_log_dev",0.0986138221038723,-0.0378247959743609,0.235052440182105,0.14626102713104,"PORI","Juveniles"
"adult_density_log_region",1.85546189299376,0.0183263025105993,3.69259748347692,0.0479847115723893,"PORI","Juveniles"
"adult_density_log_dev",1.04702509499407,0.59582494789644,1.49822524209169,0.000121705361975463,"PORI","Juveniles"
"macroalgae_sqrt_region",1.18635240068837,-1.14154458453751,3.51424938591426,0.298460357062394,"PORI","Juveniles"
"macroalgae_sqrt_dev",0.537233743936645,-0.960838611107913,2.0353060989812,0.460936207667307,"PORI","Juveniles"
"sst_mean_region",-0.998082103001766,-2.68133003643092,0.685165830427383,0.228831053222001,"SIDE","Juveniles"
"sst_mean_dev",-0.345803527410848,-3.47632371427741,2.78471665945572,0.819100051563312,"SIDE","Juveniles"
"dhw_log_region",0.224779893107967,-0.119300214615574,0.568860000831509,0.186773552303813,"SIDE","Juveniles"
"dhw_log_dev",-0.171754123660665,-0.782510345532849,0.43900209821152,0.561992341682541,"SIDE","Juveniles"
"kd_log_region",0.395777344176969,-3.33715957454433,4.12871426289827,0.826241130709798,"SIDE","Juveniles"
"kd_log_dev",-0.094419376738109,-1.75649453675249,1.56765578327628,0.906320465360136,"SIDE","Juveniles"
"depth_region",0.0580079131899356,-0.408498755602384,0.524514581982255,0.718772433051709,"SIDE","Juveniles"
"depth_dev",0.0342073810063239,-0.0297749886702446,0.0981897506828923,0.280778602851944,"SIDE","Juveniles"
"recruit_density_log_region",-0.228922674048424,-0.654444916490222,0.196599568393373,0.273205154879323,"SIDE","Juveniles"
"recruit_density_log_dev",-0.0472798050394474,-0.142757540370989,0.0481979302920942,0.31194621177549,"SIDE","Juveniles"
"adult_density_log_region",0.785223023182712,-0.128581738900369,1.69902778526579,0.0877823210400514,"SIDE","Juveniles"
"adult_density_log_dev",0.354962326189589,-0.0893253126789558,0.799249965058133,0.110520593692138,"SIDE","Juveniles"
"macroalgae_sqrt_region",0.444168171697152,-1.13071307776251,2.01904942115681,0.56086714892189,"SIDE","Juveniles"
"macroalgae_sqrt_dev",-0.662503292588798,-1.73873611560368,0.413729530426079,0.21226717797513,"SIDE","Juveniles"
"sst_mean_region",-3.69699632105226,-5.73772461676096,-1.65626802534356,0.00129384671839357,"OCTO","Juveniles"
"sst_mean_dev",-1.9108839400839,-5.08234816391042,1.26058028374262,0.221703903585679,"OCTO","Juveniles"
"dhw_log_region",-0.49596011826109,-0.75290333360906,-0.23901690291312,0.000742584686205534,"OCTO","Juveniles"
"dhw_log_dev",-1.06679916204362,-1.81640162135604,-0.317196702731192,0.0078554409838845,"OCTO","Juveniles"
"kd_log_region",-4.93180105888376,-7.40308399481788,-2.46051812294965,0.000547027440892273,"OCTO","Juveniles"
"kd_log_dev",-1.42800085449736,-2.22282048216531,-0.633181226829407,0.00138778549243657,"OCTO","Juveniles"
"depth_region",-0.147032226201553,-0.320975682251042,0.0269112298479355,0.0744089798805017,"OCTO","Juveniles"
"depth_dev",-0.065002592217994,-0.0992755664942625,-0.0307296179417256,0.000653937645962263,"OCTO","Juveniles"
"recruit_density_log_region",-0.212804357992205,-0.496764651712617,0.0711559357282062,0.132792385973017,"OCTO","Juveniles"
"recruit_density_log_dev",0.258292868447564,0.165693526123788,0.35089221077134,1.50240926019125e-05,"OCTO","Juveniles"
"adult_density_log_region",2.12380267216994,1.28884774591021,2.95875759842967,4.43724619543445e-05,"OCTO","Juveniles"
"adult_density_log_dev",0.538957570967434,0.255339406783997,0.822575735150871,0.000854228822677483,"OCTO","Juveniles"
"macroalgae_sqrt_region",-1.17825537948079,-2.72201228392573,0.365501524964159,0.12622531937759,"OCTO","Juveniles"
"macroalgae_sqrt_dev",1.77580273844113,0.414516197695307,3.13708927918694,0.0134373628277778,"OCTO","Juveniles"
