"year","site_name","sst_mean","chl_mean","rrs667_mean","kd490_mean","dhw","region","site_code","habitat","latitude","longitude","depth"
2014,"Admiral",27.1825186666667,1.95096283058333,0.00179899175,0.154810179583333,4.46,"UK","9P4","P",25.0447,-80.3948,2.05
2014,"BC1",27.02229825,0.943983634833333,0.0001106855,0.0987012484166667,1.15,"BC","BC1","Inner",26.1479,-80.096,7.45
2014,"BC2",27.05325075,0.55778533575,0.000101150272727273,0.0711349519166667,1.16,"BC","BC2","Middle",26.16,-80.0825,14.3
2014,"BC3",27.05325075,0.55778533575,0.000101150272727273,0.0711349519166667,1.16,"BC","BC3","Outer",26.1586,-80.0774,19.2
2014,"BC4",27.0341834166667,0.73757818825,9.09287272727273e-05,0.084269691,1.15,"BC","BC4","Inner",26.1494,-80.0894,7.9
2014,"Carysfort Deep",27.1761513333333,1.14330578058333,0.000638917666666667,0.10821666375,4.04,"UK","9D1","OD",25.2208,-80.2099,16.85
2014,"Carysfort Shallow",27.1761513333333,1.14330578058333,0.000638917666666667,0.10821666375,4.04,"UK","9S1","OS",25.2201,-80.2105,2.5
2014,"DC1",27.076576,1.30866038233333,0.0005264355,0.118813786416667,1.44,"DC","DC1","Inner",25.8423,-80.1042,6.25
2014,"DC2",27.076576,1.01553575425,0.00038756925,0.101128701,1.44,"DC","DC2","Middle",25.8422,-80.095,12.25
2014,"DC3",27.101518,0.6627402355,0.000245093583333333,0.0790819421666667,1.44,"DC","DC3","Outer",25.8421,-80.0881,14.25
2014,"DC4",27.1703955833333,0.66503629075,0.000236519333333333,0.0789611093333333,2.38,"DC","DC4","Middle",25.6726,-80.0884,12.15
2014,"DC5",27.181539,1.06678093308333,0.0003647325,0.10377962725,2.38,"DC","DC5","Inner",25.6519,-80.0946,8.25
2014,"DC6",27.0362105,1.12775362741667,0.000292792545454545,0.108440588833333,1.13,"DC","DC6","NS",25.9516,-80.1091,5.75
2014,"DC7",27.0721738333333,0.85587253225,0.000223680818181818,0.0915245345833333,1.42,"DC","DC7","Outer",25.9585,-80.0938,16.25
2014,"DC8",27.0937365833333,1.9017040625,0.000743371166666667,0.15246110725,1.84,"DC","DC8","NS",25.6785,-80.1186,8.25
2014,"Dustan Rocks",27.1446460833333,2.03987392225,0.00168626941666667,0.160504625916667,5.84,"MK","7P2","P",24.6895,-81.0302,4.25
2014,"Molasses Deep",27.2050559166667,0.853548160583333,0.000500954583333333,0.0905453673333333,4.46,"UK","9D3","OD",25.0072,-80.3756,13.5
2014,"Molasses Shallow",27.2050559166667,0.853548160583333,0.000500954583333333,0.0905453673333333,4.46,"UK","9S3","OS",25.0088,-80.3765,6
2014,"Porter Patch",27.1761451666667,1.70822109,0.001199325,0.141255551333333,4.71,"UK","9P3","P",25.1032,-80.3243,4.5
2014,"Red Dun Reef",27.0635465,1.29209170125,0.00154074175,0.117815738,6.1,"LK","5P6","P",24.5209,-81.6621,7.5
2014,"Sand Key Deep",27.12535975,0.624423803416667,0.000626714,0.076174072,6.83,"LK","2D1","OD",24.4517,-81.8798,10.25
2014,"Sand Key Shallow",27.12535975,0.836256568083333,0.000830436,0.09026851575,6.83,"LK","2S1","OS",24.452,-81.8775,6.25
2014,"Sombrero Deep",27.1951958333333,0.700387294416667,0.000424556416666667,0.0804935163333333,5.42,"MK","5D1","OD",24.6223,-81.112,15.25
2014,"Sombrero Shallow",27.18225975,1.08745588075,0.000610982416666667,0.104954627083333,5.42,"MK","5S1","OS",24.6253,-81.1116,6.25
2014,"Tennessee Deep",27.1920289166667,0.777758083,0.000380149083333333,0.0855231459166667,5.45,"MK","7D2","OD",24.7527,-80.7578,13.5
2014,"Tennessee Shallow",27.17869925,0.78438628425,0.000355973083333333,0.0857490718333333,4.61,"MK","7S2","OS",24.745,-80.7812,7.5
2014,"West Turtle Shoal",27.1517376666667,1.48844724133333,0.000872371416666667,0.128811106833333,5.51,"MK","7P1","P",24.6993,-80.9669,6.25
2014,"West Washerwoman",27.0430160833333,1.57724129325,0.00162508425,0.133818515583333,5.68,"LK","5P1","P",24.5475,-81.5866,5.5
2014,"Western Sambo Deep",27.1295409166667,0.672666289166667,0.000682991583333333,0.07900555325,5.55,"LK","5D4","OD",24.478,-81.7171,11.5
2014,"Western Sambo Shallow",27.1295409166667,0.908996869583333,0.000896825,0.0947583303333333,5.55,"LK","5S4","OS",24.4796,-81.7176,3.5
2015,"Admiral",27.44768675,1.85477969383333,0.00230335266666667,0.149427773666667,4.07,"UK","9P4","P",25.0447,-80.3948,2.05
2015,"BC1",27.290442,1.03597324833333,0.00022264375,0.102882636833333,0.75,"BC","BC1","Inner",26.1479,-80.096,7.45
2015,"BC2",27.30911975,0.630955578916667,0.000169008083333333,0.0765644658333333,0.46,"BC","BC2","Middle",26.16,-80.0825,14.3
2015,"BC3",27.30911975,0.630955578916667,0.000169008083333333,0.0765644658333333,0.46,"BC","BC3","Outer",26.1586,-80.0774,19.2
2015,"BC4",27.2979028333333,0.833501695333333,0.00019130375,0.0899612745,0.75,"BC","BC4","Inner",26.1494,-80.0894,7.9
2015,"Carysfort Deep",27.4885228333333,1.16843230691667,0.000803436,0.109721293833333,3.23,"UK","9D1","OD",25.2208,-80.2099,16.85
2015,"Carysfort Shallow",27.4885228333333,1.16843230691667,0.000803436,0.109721293833333,3.23,"UK","9S1","OS",25.2201,-80.2105,2.5
2015,"DC1",27.3656543333333,2.75957141241667,0.000907735083333333,0.12686502275,1.07,"DC","DC1","Inner",25.8423,-80.1042,6.25
2015,"DC2",27.3656543333333,1.03591654216667,0.00054942675,0.102472219416667,1.05,"DC","DC2","Middle",25.8422,-80.095,12.25
2015,"DC3",27.3752,0.68303905725,0.000338180416666667,0.0811648126666667,1.05,"DC","DC3","Outer",25.8421,-80.0881,14.25
2015,"DC4",27.4195331666667,0.66767884625,0.00029174175,0.07942036825,1.36,"DC","DC4","Middle",25.6726,-80.0884,12.15
2015,"DC5",27.4298530833333,0.98371849375,0.000480991666666667,0.0993907384166667,1.36,"DC","DC5","Inner",25.6519,-80.0946,8.25
2015,"DC6",27.3041100833333,1.24292927983333,0.00049627375,0.115590612333333,1.22,"DC","DC6","NS",25.9516,-80.1091,5.75
2015,"DC7",27.31971325,0.941627446666667,0.000344913916666667,0.0969553219166667,1.2,"DC","DC7","Outer",25.9585,-80.0938,16.25
2015,"DC8",27.40722025,1.68156970208333,0.000866565666666667,0.139737033166667,1.69,"DC","DC8","NS",25.6785,-80.1186,8.25
2015,"Dustan Rocks",27.4273039166667,1.77092510616667,0.00200702858333333,0.14497869975,5.34,"MK","7P2","P",24.6895,-81.0302,4.25
2015,"Molasses Deep",27.4422275833333,0.830767199916667,0.000513399166666667,0.08925277575,4.07,"UK","9D3","OD",25.0072,-80.3756,13.5
2015,"Molasses Shallow",27.4422275833333,0.830767199916667,0.000513399166666667,0.08925277575,4.07,"UK","9S3","OS",25.0088,-80.3765,6
2015,"Porter Patch",27.4688515,1.68556763016667,0.00143550091666667,0.140301848083333,4.21,"UK","9P3","P",25.1032,-80.3243,4.5
2015,"Red Dun Reef",27.40124475,1.217542448,0.00179042216666667,0.11351481275,7.81,"LK","5P6","P",24.5209,-81.6621,7.5
2015,"Sand Key Deep",27.4181415833333,0.672067010166667,0.00070066775,0.0795092573333333,8,"LK","2D1","OD",24.4517,-81.8798,10.25
2015,"Sand Key Shallow",27.4181415833333,0.882735029916667,0.000970028583333333,0.0933425903333333,8,"LK","2S1","OS",24.452,-81.8775,6.25
2015,"Sombrero Deep",27.428724,0.67266288875,0.000475889666666667,0.078786109,5.43,"MK","5D1","OD",24.6223,-81.112,15.25
2015,"Sombrero Shallow",27.4263324166667,1.03194535858333,0.000703537916666667,0.101715738166667,5.43,"MK","5S1","OS",24.6253,-81.1116,6.25
2015,"Tennessee Deep",27.4379599166667,0.82662065725,0.00043622325,0.0888009243333333,5.35,"MK","7D2","OD",24.7527,-80.7578,13.5
2015,"Tennessee Shallow",27.4352105,0.833795649333333,0.00041760275,0.0891972198333333,4.38,"MK","7S2","OS",24.745,-80.7812,7.5
2015,"West Turtle Shoal",27.4429654166667,1.3752987265,0.00119005633333333,0.122520367333333,5.16,"MK","7P1","P",24.6993,-80.9669,6.25
2015,"West Washerwoman",27.3852768333333,1.42319938325,0.0018072045,0.125154626166667,7.08,"LK","5P1","P",24.5475,-81.5866,5.5
2015,"Western Sambo Deep",27.4330051666667,0.666828025916667,0.000710269333333333,0.07885925725,7.24,"LK","5D4","OD",24.478,-81.7171,11.5
2015,"Western Sambo Shallow",27.4330051666667,0.885167538666667,0.000953723,0.0933111085833333,7.24,"LK","5S4","OS",24.4796,-81.7176,3.5
2016,"Admiral",27.3264375,1.82185497,0.0025021675,0.147582403833333,0.49,"UK","9P4","P",25.0447,-80.3948,2.05
2016,"BC1",27.26291,1.16662757433333,0.000181622090909091,0.112623608583333,0,"BC","BC1","Inner",26.1479,-80.096,7.45
2016,"BC2",27.2919146666667,0.678946613666667,0.000129438583333333,0.07982060025,0,"BC","BC2","Middle",26.16,-80.0825,14.3
2016,"BC3",27.2919146666667,0.678946613666667,0.000129438583333333,0.07982060025,0,"BC","BC3","Outer",26.1586,-80.0774,19.2
2016,"BC4",27.273899,0.914325128166667,0.000159595181818182,0.096155603,0,"BC","BC4","Inner",26.1494,-80.0894,7.9
2016,"Carysfort Deep",27.3764933333333,1.10911136558333,0.000740547083333333,0.106394441583333,0.31,"UK","9D1","OD",25.2208,-80.2099,16.85
2016,"Carysfort Shallow",27.3764933333333,1.10911136558333,0.000740547083333333,0.106394441583333,0.31,"UK","9S1","OS",25.2201,-80.2105,2.5
2016,"DC1",27.3306531666667,1.48216653691667,0.0006725055,0.12888528125,0,"DC","DC1","Inner",25.8423,-80.1042,6.25
2016,"DC2",27.3306531666667,1.11101353733333,0.000571069333333333,0.107069441833333,0,"DC","DC2","Middle",25.8422,-80.095,12.25
2016,"DC3",27.3501634166667,0.72377932175,0.000378787833333333,0.08317407225,0,"DC","DC3","Outer",25.8421,-80.0881,14.25
2016,"DC4",27.38901425,0.68074942075,0.000356862083333333,0.0803499979166667,0,"DC","DC4","Middle",25.6726,-80.0884,12.15
2016,"DC5",27.39945575,1.05178208458333,0.000574167666666667,0.103108330333333,0,"DC","DC5","Inner",25.6519,-80.0946,8.25
2016,"DC6",27.2858811666667,1.28544033341667,0.000477751,0.118009048333333,0,"DC","DC6","NS",25.9516,-80.1091,5.75
2016,"DC7",27.30970325,1.00464803808333,0.000325447666666667,0.101045483333333,0,"DC","DC7","Outer",25.9585,-80.0938,16.25
2016,"DC8",27.3566814166667,1.81008426508333,0.000979621416666667,0.147197217833333,0.15,"DC","DC8","NS",25.6785,-80.1186,8.25
2016,"Dustan Rocks",27.1538334166667,2.18144767816667,0.00185945925,0.1688222185,3.99,"MK","7P2","P",24.6895,-81.0302,4.25
2016,"Molasses Deep",27.3471110833333,0.866980489916667,0.00058212125,0.0916393496666667,0.49,"UK","9D3","OD",25.0072,-80.3756,13.5
2016,"Molasses Shallow",27.3471110833333,0.866980489916667,0.00058212125,0.0916393496666667,0.49,"UK","9S3","OS",25.0088,-80.3765,6
2016,"Porter Patch",27.3416416666667,1.57907560033333,0.00154569541666667,0.133886108166667,0.79,"UK","9P3","P",25.1032,-80.3243,4.5
2016,"Red Dun Reef",27.1591026666667,1.39592992925,0.00169925091666667,0.123703700416667,3.86,"LK","5P6","P",24.5209,-81.6621,7.5
2016,"Sand Key Deep",27.272915,0.71550959775,0.000849852833333333,0.08172222025,1.79,"LK","2D1","OD",24.4517,-81.8798,10.25
2016,"Sand Key Shallow",27.272915,0.931407203083333,0.00117573241666667,0.0960055530833333,1.79,"LK","2S1","OS",24.452,-81.8775,6.25
2016,"Sombrero Deep",27.2549573333333,0.715508205916667,0.0005484685,0.081625924,3.75,"MK","5D1","OD",24.6223,-81.112,15.25
2016,"Sombrero Shallow",27.2317190833333,1.11635152191667,0.00078958425,0.10652036825,3.75,"MK","5S1","OS",24.6253,-81.1116,6.25
2016,"Tennessee Deep",27.31813,0.793475644916667,0.000497075,0.08682036875,4.38,"MK","7D2","OD",24.7527,-80.7578,13.5
2016,"Tennessee Shallow",27.2979206666667,0.802637538833333,0.00047414,0.0874416649166667,1.69,"MK","7S2","OS",24.745,-80.7812,7.5
2016,"West Turtle Shoal",27.1950083333333,1.69283161283333,0.00114888033333333,0.14053333025,3.66,"MK","7P1","P",24.6993,-80.9669,6.25
2016,"West Washerwoman",27.09100775,1.79265341591667,0.00175070466666667,0.146016200166667,3.9,"LK","5P1","P",24.5475,-81.5866,5.5
2016,"Western Sambo Deep",27.2585123333333,0.683379641416667,0.000817866583333333,0.0795805534166667,2.59,"LK","5D4","OD",24.478,-81.7171,11.5
2016,"Western Sambo Shallow",27.2585123333333,0.893451908916667,0.00104487583333333,0.0937111085833333,2.59,"LK","5S4","OS",24.4796,-81.7176,3.5
2017,"Admiral",27.1666695,1.79789181875,0.00195228791666667,0.146290736916667,1.28,"UK","9P4","P",25.0447,-80.3948,2.05
2017,"BC1",27.1287768333333,1.19728914216667,0.000190765727272727,0.113499718916667,0,"BC","BC1","Inner",26.1479,-80.096,7.45
2017,"BC2",27.1650560833333,0.698370901833333,0.000192871416666667,0.0806159700833333,0,"BC","BC2","Middle",26.16,-80.0825,14.3
2017,"BC3",27.1650560833333,0.698370901833333,0.000192871416666667,0.0806159700833333,0,"BC","BC3","Outer",26.1586,-80.0774,19.2
2017,"BC4",27.14196875,0.953691778666667,0.000194646166666667,0.0979422426666667,0,"BC","BC4","Inner",26.1494,-80.0894,7.9
2017,"Carysfort Deep",27.2546008333333,1.10226566033333,0.000785352833333333,0.106022219333333,1,"UK","9D1","OD",25.2208,-80.2099,16.85
2017,"Carysfort Shallow",27.2546008333333,1.10226566033333,0.000785352833333333,0.106022219333333,1,"UK","9S1","OS",25.2201,-80.2105,2.5
2017,"DC1",27.2021609166667,1.45345032458333,0.000830036666666667,0.127028537666667,0.5,"DC","DC1","Inner",25.8423,-80.1042,6.25
2017,"DC2",27.2021609166667,1.10512393208333,0.0006342455,0.106166663666667,0.16,"DC","DC2","Middle",25.8422,-80.095,12.25
2017,"DC3",27.2251505,0.717571209583333,0.00037024525,0.0824074051666667,0.16,"DC","DC3","Outer",25.8421,-80.0881,14.25
2017,"DC4",27.2774638333333,0.732900916333333,0.00042226025,0.0833981453333333,0.63,"DC","DC4","Middle",25.6726,-80.0884,12.15
2017,"DC5",27.2891245,1.13403979391667,0.0006131955,0.108003701583333,0.63,"DC","DC5","Inner",25.6519,-80.0946,8.25
2017,"DC6",27.1528696666667,1.221184032,0.000429289083333333,0.113350672,0.15,"DC","DC6","NS",25.9516,-80.1091,5.75
2017,"DC7",27.18794525,0.940292866,0.000340292416666667,0.09640925675,0.15,"DC","DC7","Outer",25.9585,-80.0938,16.25
2017,"DC8",27.2259818333333,1.97136133766667,0.00099370475,0.156394440916667,1.26,"DC","DC8","NS",25.6785,-80.1186,8.25
2017,"Dustan Rocks",27.0580245,2.62530954233333,0.00243131575,0.197584254083333,2.61,"MK","7P2","P",24.6895,-81.0302,4.25
2017,"Molasses Deep",27.2166509166667,0.809943599416667,0.000627144333333333,0.08777314575,1.28,"UK","9D3","OD",25.0072,-80.3756,13.5
2017,"Molasses Shallow",27.2166509166667,0.809943599416667,0.000627144333333333,0.08777314575,1.28,"UK","9S3","OS",25.0088,-80.3765,6
2017,"Porter Patch",27.1897144166667,1.60628881075,0.00149285266666667,0.135523144583333,2.55,"UK","9P3","P",25.1032,-80.3243,4.5
2017,"Red Dun Reef",27.0243694166667,1.48177695108333,0.00189718608333333,0.1284666635,2.43,"LK","5P6","P",24.5209,-81.6621,7.5
2017,"Sand Key Deep",27.0699920833333,0.677446202083333,0.000969306416666667,0.07946573925,1.98,"LK","2D1","OD",24.4517,-81.8798,10.25
2017,"Sand Key Shallow",27.0699920833333,0.90402516325,0.00131038058333333,0.0940999985,1.98,"LK","2S1","OS",24.452,-81.8775,6.25
2017,"Sombrero Deep",27.15943275,0.762538986666667,0.000723537916666667,0.084327776,2.42,"MK","5D1","OD",24.6223,-81.112,15.25
2017,"Sombrero Shallow",27.13012275,1.19677473141667,0.00106760733333333,0.111189811833333,2.42,"MK","5S1","OS",24.6253,-81.1116,6.25
2017,"Tennessee Deep",27.20977325,0.789673008583333,0.000762741583333333,0.0866564790833333,2.47,"MK","7D2","OD",24.7527,-80.7578,13.5
2017,"Tennessee Shallow",27.18607325,0.772472327416667,0.000680982333333333,0.0854787019166667,1.27,"MK","7S2","OS",24.745,-80.7812,7.5
2017,"West Turtle Shoal",27.0905485,1.98308931225,0.0018031305,0.158382402583333,1.82,"MK","7P1","P",24.6993,-80.9669,6.25
2017,"West Washerwoman",27.0027955833333,1.79963395166667,0.00216716758333333,0.147140736583333,2.21,"LK","5P1","P",24.5475,-81.5866,5.5
2017,"Western Sambo Deep",27.0822213333333,0.76649878125,0.000964714,0.08482129425,1.76,"LK","5D4","OD",24.478,-81.7171,11.5
2017,"Western Sambo Shallow",27.0822213333333,1.00789569741667,0.00124176008333333,0.100106479,1.76,"LK","5S4","OS",24.4796,-81.7176,3.5
2018,"Admiral",27.1525874166667,1.81280133683333,0.00169613975,0.1471092555,0.61,"UK","9P4","P",25.0447,-80.3948,2.05
2018,"BC1",26.9889850833333,1.1032304085,0.0003800109,0.10803652525,0,"BC","BC1","Inner",26.1479,-80.096,7.45
2018,"BC2",27.0162720833333,0.604330993083333,0.0002209638,0.0750342575833333,0,"BC","BC2","Middle",26.16,-80.0825,14.3
2018,"BC3",27.0162720833333,0.604330993083333,0.0002209638,0.0750342575833333,0,"BC","BC3","Outer",26.1586,-80.0774,19.2
2018,"BC4",27.000337,0.836195958333333,0.0002746465,0.0908575309166667,0,"BC","BC4","Inner",26.1494,-80.0894,7.9
2018,"Carysfort Deep",27.1615573333333,1.12931084025,0.0007490565,0.107660182416667,0.58,"UK","9D1","OD",25.2208,-80.2099,16.85
2018,"Carysfort Shallow",27.1615573333333,1.12931084025,0.0007490565,0.107660182416667,0.58,"UK","9S1","OS",25.2201,-80.2105,2.5
2018,"DC1",27.0921709166667,1.39084311725,0.00133791591666667,0.124284636166667,0,"DC","DC1","Inner",25.8423,-80.1042,6.25
2018,"DC2",27.0921709166667,1.03944989366667,0.000795079666666667,0.102626849333333,0,"DC","DC2","Middle",25.8422,-80.095,12.25
2018,"DC3",27.1113235833333,0.666388141166667,0.000397510083333333,0.0798203685,0,"DC","DC3","Outer",25.8421,-80.0881,14.25
2018,"DC4",27.173861,0.67495148625,0.000536306583333333,0.0798175908333333,0,"DC","DC4","Middle",25.6726,-80.0884,12.15
2018,"DC5",27.18831025,0.983280047,0.000652489666666667,0.0990537011666667,0,"DC","DC5","Inner",25.6519,-80.0946,8.25
2018,"DC6",27.0295624166667,1.13394539183333,0.000782784636363636,0.108018026,0,"DC","DC6","NS",25.9516,-80.1091,5.75
2018,"DC7",27.06496225,0.90165513425,0.000406720181818182,0.0939813301666667,0,"DC","DC7","Outer",25.9585,-80.0938,16.25
2018,"DC8",27.1567010833333,1.67896064958333,0.00109893608333333,0.1397907375,0,"DC","DC8","NS",25.6785,-80.1186,8.25
2018,"Dustan Rocks",27.0279716666667,2.103007824,0.00209361191666667,0.164106478166667,3.11,"MK","7P2","P",24.6895,-81.0302,4.25
2018,"Molasses Deep",27.1543486666667,0.868897989666667,0.000578111916666667,0.0915398125833333,0.61,"UK","9D3","OD",25.0072,-80.3756,13.5
2018,"Molasses Shallow",27.1543486666667,0.868897989666667,0.000578111916666667,0.0915398125833333,0.61,"UK","9S3","OS",25.0088,-80.3765,6
2018,"Porter Patch",27.1507380833333,1.6362581175,0.00137164891666667,0.1371370345,1.11,"UK","9P3","P",25.1032,-80.3243,4.5
2018,"Red Dun Reef",27.00036925,1.32552625016667,0.00237462583333333,0.11935092325,3.14,"LK","5P6","P",24.5209,-81.6621,7.5
2018,"Sand Key Deep",27.025394,0.704218576,0.00105163983333333,0.0816638870833333,2.53,"LK","2D1","OD",24.4517,-81.8798,10.25
2018,"Sand Key Shallow",27.025394,0.91044125075,0.00138648233333333,0.0949787013333333,2.53,"LK","2S1","OS",24.452,-81.8775,6.25
2018,"Sombrero Deep",27.0808085,0.640713780083333,0.00061660275,0.0765930535833333,3.21,"MK","5D1","OD",24.6223,-81.112,15.25
2018,"Sombrero Shallow",27.0692048333333,0.990701590666667,0.000912538,0.09912268275,3.21,"MK","5S1","OS",24.6253,-81.1116,6.25
2018,"Tennessee Deep",27.1624835,0.837317999583333,0.000496579416666667,0.0891203688333333,3.19,"MK","7D2","OD",24.7527,-80.7578,13.5
2018,"Tennessee Shallow",27.1532610833333,0.85347235675,0.000485482416666667,0.08991944275,2.16,"MK","7S2","OS",24.745,-80.7812,7.5
2018,"West Turtle Shoal",27.0781916666667,1.683177012,0.001286575,0.13992870025,2.96,"MK","7P1","P",24.6993,-80.9669,6.25
2018,"West Washerwoman",27.0004486666667,1.58183041041667,0.00251839891666667,0.134026848,3.15,"LK","5P1","P",24.5475,-81.5866,5.5
2018,"Western Sambo Deep",27.0206276666667,0.686767427333333,0.00117978791666667,0.0803935165833333,2.4,"LK","5D4","OD",24.478,-81.7171,11.5
2018,"Western Sambo Shallow",27.0206276666667,0.901545310833333,0.00157346383333333,0.0943703684166667,2.4,"LK","5S4","OS",24.4796,-81.7176,3.5
