"recruit_year","cover_year","site_name","total_tiles","tile_area","taxa","abundance","live_recruit_density"
2016,2015,"Admiral",32,1.23411258385434,"Octo",0,0
2016,2015,"Admiral",32,1.23411258385434,"Stony",0,0
2016,2015,"BC1",32,1.23411258385434,"Octo",3,2.43089653184679
2016,2015,"BC1",32,1.23411258385434,"Stony",1,0.810298843948932
2016,2015,"BC2",32,1.23411258385434,"Octo",5,4.05149421974466
2016,2015,"BC2",32,1.23411258385434,"Stony",5,4.05149421974466
2016,2015,"BC3",31,1.19554656560889,"Octo",8,6.69150013067505
2016,2015,"BC3",31,1.19554656560889,"Stony",12,10.0372501960126
2016,2015,"BC4",32,1.23411258385434,"Octo",0,0
2016,2015,"BC4",32,1.23411258385434,"Stony",9,7.29268959554038
2016,2015,"Carysfort Deep",32,1.23411258385434,"Octo",0,0
2016,2015,"Carysfort Deep",32,1.23411258385434,"Stony",0,0
2016,2015,"Carysfort Shallow",32,1.23411258385434,"Octo",0,0
2016,2015,"Carysfort Shallow",32,1.23411258385434,"Stony",0,0
2016,2015,"DC1",30,1.15698054736344,"Octo",1,0.86431876687886
2016,2015,"DC1",30,1.15698054736344,"Stony",5,4.3215938343943
2016,2015,"DC2",30,1.15698054736344,"Octo",1,0.86431876687886
2016,2015,"DC2",30,1.15698054736344,"Stony",5,4.3215938343943
2016,2015,"DC3",29,1.118414529118,"Octo",3,2.68236858686543
2016,2015,"DC3",29,1.118414529118,"Stony",2,1.78824572457695
2016,2015,"DC4",30,1.15698054736344,"Octo",1,0.86431876687886
2016,2015,"DC4",30,1.15698054736344,"Stony",0,0
2016,2015,"DC5",32,1.23411258385434,"Octo",1,0.810298843948932
2016,2015,"DC5",32,1.23411258385434,"Stony",13,10.5338849713361
2016,2015,"DC6",32,1.23411258385434,"Octo",1,0.810298843948932
2016,2015,"DC6",32,1.23411258385434,"Stony",23,18.6368734108254
2016,2015,"DC7",31,1.19554656560889,"Octo",18,15.0558752940189
2016,2015,"DC7",31,1.19554656560889,"Stony",9,7.52793764700943
2016,2015,"DC8",30,1.15698054736344,"Octo",63,54.4520823133682
2016,2015,"DC8",30,1.15698054736344,"Stony",4,3.45727506751544
2016,2015,"Dustan Rocks",32,1.23411258385434,"Octo",0,0
2016,2015,"Dustan Rocks",32,1.23411258385434,"Stony",0,0
2016,2015,"Molasses Deep",32,1.23411258385434,"Octo",0,0
2016,2015,"Molasses Deep",32,1.23411258385434,"Stony",0,0
2016,2015,"Molasses Shallow",31,1.19554656560889,"Octo",0,0
2016,2015,"Molasses Shallow",31,1.19554656560889,"Stony",0,0
2016,2015,"Porter Patch",32,1.23411258385434,"Octo",0,0
2016,2015,"Porter Patch",32,1.23411258385434,"Stony",0,0
2016,2015,"Red Dun Reef",32,1.23411258385434,"Octo",0,0
2016,2015,"Red Dun Reef",32,1.23411258385434,"Stony",0,0
2016,2015,"Sand Key Deep",32,1.23411258385434,"Octo",0,0
2016,2015,"Sand Key Deep",32,1.23411258385434,"Stony",0,0
2016,2015,"Sand Key Shallow",31,1.19554656560889,"Octo",0,0
2016,2015,"Sand Key Shallow",31,1.19554656560889,"Stony",0,0
2016,2015,"Sombrero Deep",32,1.23411258385434,"Octo",0,0
2016,2015,"Sombrero Deep",32,1.23411258385434,"Stony",0,0
2016,2015,"Sombrero Shallow",32,1.23411258385434,"Octo",0,0
2016,2015,"Sombrero Shallow",32,1.23411258385434,"Stony",0,0
2016,2015,"Tennessee Deep",32,1.23411258385434,"Octo",0,0
2016,2015,"Tennessee Deep",32,1.23411258385434,"Stony",0,0
2016,2015,"Tennessee Shallow",32,1.23411258385434,"Octo",0,0
2016,2015,"Tennessee Shallow",32,1.23411258385434,"Stony",0,0
2016,2015,"West Turtle Shoal",32,1.23411258385434,"Octo",0,0
2016,2015,"West Turtle Shoal",32,1.23411258385434,"Stony",0,0
2016,2015,"West Washerwoman",32,1.23411258385434,"Octo",0,0
2016,2015,"West Washerwoman",32,1.23411258385434,"Stony",0,0
2016,2015,"Western Sambo Deep",32,1.23411258385434,"Octo",0,0
2016,2015,"Western Sambo Deep",32,1.23411258385434,"Stony",0,0
2016,2015,"Western Sambo Shallow",30,1.15698054736344,"Octo",0,0
2016,2015,"Western Sambo Shallow",30,1.15698054736344,"Stony",0,0
2017,2016,"Admiral",32,1.23411258385434,"Octo",1,0.810298843948932
2017,2016,"Admiral",32,1.23411258385434,"Stony",1,0.810298843948932
2017,2016,"BC1",32,1.23411258385434,"Octo",3,2.43089653184679
2017,2016,"BC1",32,1.23411258385434,"Stony",3,2.43089653184679
2017,2016,"BC2",32,1.23411258385434,"Octo",4,3.24119537579573
2017,2016,"BC2",32,1.23411258385434,"Stony",7,5.67209190764252
2017,2016,"BC3",32,1.23411258385434,"Octo",5,4.05149421974466
2017,2016,"BC3",32,1.23411258385434,"Stony",5,4.05149421974466
2017,2016,"BC4",32,1.23411258385434,"Octo",3,2.43089653184679
2017,2016,"BC4",32,1.23411258385434,"Stony",12,9.72358612738718
2017,2016,"Carysfort Deep",32,1.23411258385434,"Octo",52,42.1355398853444
2017,2016,"Carysfort Deep",32,1.23411258385434,"Stony",39,31.6016549140083
2017,2016,"Carysfort Shallow",32,1.23411258385434,"Octo",10,8.10298843948932
2017,2016,"Carysfort Shallow",32,1.23411258385434,"Stony",3,2.43089653184679
2017,2016,"DC1",32,1.23411258385434,"Octo",0,0
2017,2016,"DC1",32,1.23411258385434,"Stony",5,4.05149421974466
2017,2016,"DC2",30,1.15698054736344,"Octo",12,10.3718252025463
2017,2016,"DC2",30,1.15698054736344,"Stony",4,3.45727506751544
2017,2016,"DC3",31,1.19554656560889,"Octo",4,3.34575006533752
2017,2016,"DC3",31,1.19554656560889,"Stony",1,0.836437516334381
2017,2016,"DC4",32,1.23411258385434,"Octo",7,5.67209190764252
2017,2016,"DC4",32,1.23411258385434,"Stony",2,1.62059768789786
2017,2016,"DC5",32,1.23411258385434,"Octo",2,1.62059768789786
2017,2016,"DC5",32,1.23411258385434,"Stony",18,14.5853791910808
2017,2016,"DC6",32,1.23411258385434,"Octo",1,0.810298843948932
2017,2016,"DC6",32,1.23411258385434,"Stony",3,2.43089653184679
2017,2016,"DC7",31,1.19554656560889,"Octo",15,12.5465627450157
2017,2016,"DC7",31,1.19554656560889,"Stony",4,3.34575006533752
2017,2016,"DC8",32,1.23411258385434,"Octo",241,195.282021391693
2017,2016,"DC8",32,1.23411258385434,"Stony",7,5.67209190764252
2017,2016,"Dustan Rocks",30,1.15698054736344,"Octo",1,0.86431876687886
2017,2016,"Dustan Rocks",30,1.15698054736344,"Stony",2,1.72863753375772
2017,2016,"Molasses Deep",32,1.23411258385434,"Octo",93,75.3577924872506
2017,2016,"Molasses Deep",32,1.23411258385434,"Stony",126,102.097654337565
2017,2016,"Molasses Shallow",31,1.19554656560889,"Octo",7,5.85506261434067
2017,2016,"Molasses Shallow",31,1.19554656560889,"Stony",17,14.2194377776845
2017,2016,"Porter Patch",32,1.23411258385434,"Octo",1,0.810298843948932
2017,2016,"Porter Patch",32,1.23411258385434,"Stony",8,6.48239075159145
2017,2016,"Red Dun Reef",32,1.23411258385434,"Octo",0,0
2017,2016,"Red Dun Reef",32,1.23411258385434,"Stony",2,1.62059768789786
2017,2016,"Sand Key Deep",32,1.23411258385434,"Octo",67,54.2900225445784
2017,2016,"Sand Key Deep",32,1.23411258385434,"Stony",45,36.4634479777019
2017,2016,"Sand Key Shallow",32,1.23411258385434,"Octo",2,1.62059768789786
2017,2016,"Sand Key Shallow",32,1.23411258385434,"Stony",28,22.6883676305701
2017,2016,"Sombrero Deep",32,1.23411258385434,"Octo",106,85.8916774585868
2017,2016,"Sombrero Deep",32,1.23411258385434,"Stony",61,49.4282294808848
2017,2016,"Sombrero Shallow",31,1.19554656560889,"Octo",0,0
2017,2016,"Sombrero Shallow",31,1.19554656560889,"Stony",2,1.67287503266876
2017,2016,"Tennessee Deep",32,1.23411258385434,"Octo",35,28.3604595382126
2017,2016,"Tennessee Deep",32,1.23411258385434,"Stony",99,80.2195855509442
2017,2016,"Tennessee Shallow",31,1.19554656560889,"Octo",2,1.67287503266876
2017,2016,"Tennessee Shallow",31,1.19554656560889,"Stony",6,5.01862509800629
2017,2016,"West Turtle Shoal",32,1.23411258385434,"Octo",9,7.29268959554038
2017,2016,"West Turtle Shoal",32,1.23411258385434,"Stony",29,23.498666474519
2017,2016,"West Washerwoman",32,1.23411258385434,"Octo",0,0
2017,2016,"West Washerwoman",32,1.23411258385434,"Stony",4,3.24119537579573
2017,2016,"Western Sambo Deep",32,1.23411258385434,"Octo",29,23.498666474519
2017,2016,"Western Sambo Deep",32,1.23411258385434,"Stony",23,18.6368734108254
2017,2016,"Western Sambo Shallow",31,1.19554656560889,"Octo",0,0
2017,2016,"Western Sambo Shallow",31,1.19554656560889,"Stony",12,10.0372501960126
