"recruit_year","cover_year","juv_year","site_name","tile_area","total_tiles","taxa","abundance","density"
2016,2015,2017,"Admiral",1.61811258385434,32,"AGAR",0,0
2016,2015,2017,"Admiral",1.61811258385434,32,"FAVI",0,0
2016,2015,2017,"Admiral",1.61811258385434,32,"PORI",7,4.32602778684659
2016,2015,2017,"Admiral",1.61811258385434,32,"SIDE",1,0.618003969549513
2016,2015,2017,"Admiral",1.61811258385434,32,"Other",0,0
2016,2015,2017,"Admiral",1.61811258385434,32,"UNKS",0,0
2016,2015,2017,"Admiral",1.61811258385434,32,"TotalSto",8,4.9440317563961
2016,2015,2017,"Admiral",1.61811258385434,32,"TotalOct",1,0.618003969549513
2016,2015,2017,"Admiral",1.61811258385434,32,"TotalCor",17,10.5060674823417
2016,2015,2017,"BC1",1.61811258385434,32,"AGAR",1,0.618003969549513
2016,2015,2017,"BC1",1.61811258385434,32,"FAVI",2,1.23600793909903
2016,2015,2017,"BC1",1.61811258385434,32,"PORI",2,1.23600793909903
2016,2015,2017,"BC1",1.61811258385434,32,"SIDE",7,4.32602778684659
2016,2015,2017,"BC1",1.61811258385434,32,"Other",0,0
2016,2015,2017,"BC1",1.61811258385434,32,"UNKS",7,4.32602778684659
2016,2015,2017,"BC1",1.61811258385434,32,"TotalSto",19,11.7420754214407
2016,2015,2017,"BC1",1.61811258385434,32,"TotalOct",3,1.85401190864854
2016,2015,2017,"BC1",1.61811258385434,32,"TotalCor",22,13.5960873300893
2016,2015,2017,"BC2",1.61811258385434,32,"AGAR",0,0
2016,2015,2017,"BC2",1.61811258385434,32,"FAVI",2,1.23600793909903
2016,2015,2017,"BC2",1.61811258385434,32,"PORI",6,3.70802381729708
2016,2015,2017,"BC2",1.61811258385434,32,"SIDE",9,5.56203572594561
2016,2015,2017,"BC2",1.61811258385434,32,"Other",0,0
2016,2015,2017,"BC2",1.61811258385434,32,"UNKS",4,2.47201587819805
2016,2015,2017,"BC2",1.61811258385434,32,"TotalSto",21,12.9780833605398
2016,2015,2017,"BC2",1.61811258385434,32,"TotalOct",5,3.09001984774756
2016,2015,2017,"BC2",1.61811258385434,32,"TotalCor",26,16.0681032082873
2016,2015,2017,"BC3",1.56754656560889,31,"AGAR",0,0
2016,2015,2017,"BC3",1.56754656560889,31,"FAVI",0,0
2016,2015,2017,"BC3",1.56754656560889,31,"PORI",4,2.55175832588186
2016,2015,2017,"BC3",1.56754656560889,31,"SIDE",3,1.91381874441139
2016,2015,2017,"BC3",1.56754656560889,31,"Other",1,0.637939581470465
2016,2015,2017,"BC3",1.56754656560889,31,"UNKS",4,2.55175832588186
2016,2015,2017,"BC3",1.56754656560889,31,"TotalSto",12,7.65527497764557
2016,2015,2017,"BC3",1.56754656560889,31,"TotalOct",8,5.10351665176372
2016,2015,2017,"BC3",1.56754656560889,31,"TotalCor",20,12.7587916294093
2016,2015,2017,"BC4",1.61811258385434,32,"AGAR",0,0
2016,2015,2017,"BC4",1.61811258385434,32,"FAVI",0,0
2016,2015,2017,"BC4",1.61811258385434,32,"PORI",17,10.5060674823417
2016,2015,2017,"BC4",1.61811258385434,32,"SIDE",0,0
2016,2015,2017,"BC4",1.61811258385434,32,"Other",0,0
2016,2015,2017,"BC4",1.61811258385434,32,"UNKS",0,0
2016,2015,2017,"BC4",1.61811258385434,32,"TotalSto",17,10.5060674823417
2016,2015,2017,"BC4",1.61811258385434,32,"TotalOct",0,0
2016,2015,2017,"BC4",1.61811258385434,32,"TotalCor",17,10.5060674823417
2016,2015,2017,"Carysfort Deep",1.61811258385434,32,"AGAR",5,3.09001984774756
2016,2015,2017,"Carysfort Deep",1.61811258385434,32,"FAVI",6,3.70802381729708
2016,2015,2017,"Carysfort Deep",1.61811258385434,32,"PORI",9,5.56203572594561
2016,2015,2017,"Carysfort Deep",1.61811258385434,32,"SIDE",4,2.47201587819805
2016,2015,2017,"Carysfort Deep",1.61811258385434,32,"Other",0,0
2016,2015,2017,"Carysfort Deep",1.61811258385434,32,"UNKS",0,0
2016,2015,2017,"Carysfort Deep",1.61811258385434,32,"TotalSto",24,14.8320952691883
2016,2015,2017,"Carysfort Deep",1.61811258385434,32,"TotalOct",2,1.23600793909903
2016,2015,2017,"Carysfort Deep",1.61811258385434,32,"TotalCor",50,30.9001984774756
2016,2015,2017,"Carysfort Shallow",1.61811258385434,32,"AGAR",0,0
2016,2015,2017,"Carysfort Shallow",1.61811258385434,32,"FAVI",3,1.85401190864854
2016,2015,2017,"Carysfort Shallow",1.61811258385434,32,"PORI",33,20.3941309951339
2016,2015,2017,"Carysfort Shallow",1.61811258385434,32,"SIDE",2,1.23600793909903
2016,2015,2017,"Carysfort Shallow",1.61811258385434,32,"Other",0,0
2016,2015,2017,"Carysfort Shallow",1.61811258385434,32,"UNKS",0,0
2016,2015,2017,"Carysfort Shallow",1.61811258385434,32,"TotalSto",38,23.4841508428815
2016,2015,2017,"Carysfort Shallow",1.61811258385434,32,"TotalOct",1,0.618003969549513
2016,2015,2017,"Carysfort Shallow",1.61811258385434,32,"TotalCor",77,47.5863056553125
2016,2015,2017,"DC1",1.61811258385434,32,"AGAR",0,0
2016,2015,2017,"DC1",1.61811258385434,32,"FAVI",0,0
2016,2015,2017,"DC1",1.61811258385434,32,"PORI",8,4.9440317563961
2016,2015,2017,"DC1",1.61811258385434,32,"SIDE",1,0.618003969549513
2016,2015,2017,"DC1",1.61811258385434,32,"Other",0,0
2016,2015,2017,"DC1",1.61811258385434,32,"UNKS",1,0.618003969549513
2016,2015,2017,"DC1",1.61811258385434,32,"TotalSto",10,6.18003969549513
2016,2015,2017,"DC1",1.61811258385434,32,"TotalOct",1,0.618003969549513
2016,2015,2017,"DC1",1.61811258385434,32,"TotalCor",11,6.79804366504464
2016,2015,2017,"DC2",1.61811258385434,32,"AGAR",2,1.23600793909903
2016,2015,2017,"DC2",1.61811258385434,32,"FAVI",4,2.47201587819805
2016,2015,2017,"DC2",1.61811258385434,32,"PORI",4,2.47201587819805
2016,2015,2017,"DC2",1.61811258385434,32,"SIDE",9,5.56203572594561
2016,2015,2017,"DC2",1.61811258385434,32,"Other",0,0
2016,2015,2017,"DC2",1.61811258385434,32,"UNKS",3,1.85401190864854
2016,2015,2017,"DC2",1.61811258385434,32,"TotalSto",22,13.5960873300893
2016,2015,2017,"DC2",1.61811258385434,32,"TotalOct",1,0.618003969549513
2016,2015,2017,"DC2",1.61811258385434,32,"TotalCor",23,14.2140912996388
2016,2015,2017,"DC3",1.61811258385434,32,"AGAR",0,0
2016,2015,2017,"DC3",1.61811258385434,32,"FAVI",1,0.618003969549513
2016,2015,2017,"DC3",1.61811258385434,32,"PORI",1,0.618003969549513
2016,2015,2017,"DC3",1.61811258385434,32,"SIDE",3,1.85401190864854
2016,2015,2017,"DC3",1.61811258385434,32,"Other",0,0
2016,2015,2017,"DC3",1.61811258385434,32,"UNKS",4,2.47201587819805
2016,2015,2017,"DC3",1.61811258385434,32,"TotalSto",9,5.56203572594561
2016,2015,2017,"DC3",1.61811258385434,32,"TotalOct",3,1.85401190864854
2016,2015,2017,"DC3",1.61811258385434,32,"TotalCor",12,7.41604763459415
2016,2015,2017,"DC4",1.56754656560889,31,"AGAR",3,1.91381874441139
2016,2015,2017,"DC4",1.56754656560889,31,"FAVI",0,0
2016,2015,2017,"DC4",1.56754656560889,31,"PORI",4,2.55175832588186
2016,2015,2017,"DC4",1.56754656560889,31,"SIDE",2,1.27587916294093
2016,2015,2017,"DC4",1.56754656560889,31,"Other",0,0
2016,2015,2017,"DC4",1.56754656560889,31,"UNKS",2,1.27587916294093
2016,2015,2017,"DC4",1.56754656560889,31,"TotalSto",11,7.01733539617511
2016,2015,2017,"DC4",1.56754656560889,31,"TotalOct",1,0.637939581470465
2016,2015,2017,"DC4",1.56754656560889,31,"TotalCor",12,7.65527497764557
2016,2015,2017,"DC5",1.61811258385434,32,"AGAR",6,3.70802381729708
2016,2015,2017,"DC5",1.61811258385434,32,"FAVI",0,0
2016,2015,2017,"DC5",1.61811258385434,32,"PORI",9,5.56203572594561
2016,2015,2017,"DC5",1.61811258385434,32,"SIDE",1,0.618003969549513
2016,2015,2017,"DC5",1.61811258385434,32,"Other",0,0
2016,2015,2017,"DC5",1.61811258385434,32,"UNKS",2,1.23600793909903
2016,2015,2017,"DC5",1.61811258385434,32,"TotalSto",17,10.5060674823417
2016,2015,2017,"DC5",1.61811258385434,32,"TotalOct",1,0.618003969549513
2016,2015,2017,"DC5",1.61811258385434,32,"TotalCor",18,11.1240714518912
2016,2015,2017,"DC6",1.61811258385434,32,"AGAR",0,0
2016,2015,2017,"DC6",1.61811258385434,32,"FAVI",0,0
2016,2015,2017,"DC6",1.61811258385434,32,"PORI",13,8.03405160414366
2016,2015,2017,"DC6",1.61811258385434,32,"SIDE",5,3.09001984774756
2016,2015,2017,"DC6",1.61811258385434,32,"Other",0,0
2016,2015,2017,"DC6",1.61811258385434,32,"UNKS",4,2.47201587819805
2016,2015,2017,"DC6",1.61811258385434,32,"TotalSto",22,13.5960873300893
2016,2015,2017,"DC6",1.61811258385434,32,"TotalOct",1,0.618003969549513
2016,2015,2017,"DC6",1.61811258385434,32,"TotalCor",23,14.2140912996388
2016,2015,2017,"DC7",1.56754656560889,31,"AGAR",0,0
2016,2015,2017,"DC7",1.56754656560889,31,"FAVI",0,0
2016,2015,2017,"DC7",1.56754656560889,31,"PORI",2,1.27587916294093
2016,2015,2017,"DC7",1.56754656560889,31,"SIDE",10,6.37939581470465
2016,2015,2017,"DC7",1.56754656560889,31,"Other",0,0
2016,2015,2017,"DC7",1.56754656560889,31,"UNKS",0,0
2016,2015,2017,"DC7",1.56754656560889,31,"TotalSto",11,7.01733539617511
2016,2015,2017,"DC7",1.56754656560889,31,"TotalOct",18,11.4829124664684
2016,2015,2017,"DC7",1.56754656560889,31,"TotalCor",29,18.5002478626435
2016,2015,2017,"DC8",1.61811258385434,32,"AGAR",0,0
2016,2015,2017,"DC8",1.61811258385434,32,"FAVI",2,1.23600793909903
2016,2015,2017,"DC8",1.61811258385434,32,"PORI",0,0
2016,2015,2017,"DC8",1.61811258385434,32,"SIDE",7,4.32602778684659
2016,2015,2017,"DC8",1.61811258385434,32,"Other",0,0
2016,2015,2017,"DC8",1.61811258385434,32,"UNKS",2,1.23600793909903
2016,2015,2017,"DC8",1.61811258385434,32,"TotalSto",11,6.79804366504464
2016,2015,2017,"DC8",1.61811258385434,32,"TotalOct",78,48.204309624862
2016,2015,2017,"DC8",1.61811258385434,32,"TotalCor",89,55.0023532899066
2016,2015,2017,"Dustan Rocks",1.61811258385434,32,"AGAR",3,1.85401190864854
2016,2015,2017,"Dustan Rocks",1.61811258385434,32,"FAVI",0,0
2016,2015,2017,"Dustan Rocks",1.61811258385434,32,"PORI",5,3.09001984774756
2016,2015,2017,"Dustan Rocks",1.61811258385434,32,"SIDE",1,0.618003969549513
2016,2015,2017,"Dustan Rocks",1.61811258385434,32,"Other",0,0
2016,2015,2017,"Dustan Rocks",1.61811258385434,32,"UNKS",2,1.23600793909903
2016,2015,2017,"Dustan Rocks",1.61811258385434,32,"TotalSto",11,6.79804366504464
2016,2015,2017,"Dustan Rocks",1.61811258385434,32,"TotalOct",3,1.85401190864854
2016,2015,2017,"Dustan Rocks",1.61811258385434,32,"TotalCor",25,15.4500992387378
2016,2015,2017,"Molasses Deep",1.61811258385434,32,"AGAR",10,6.18003969549513
2016,2015,2017,"Molasses Deep",1.61811258385434,32,"FAVI",2,1.23600793909903
2016,2015,2017,"Molasses Deep",1.61811258385434,32,"PORI",27,16.6861071778368
2016,2015,2017,"Molasses Deep",1.61811258385434,32,"SIDE",4,2.47201587819805
2016,2015,2017,"Molasses Deep",1.61811258385434,32,"Other",0,0
2016,2015,2017,"Molasses Deep",1.61811258385434,32,"UNKS",0,0
2016,2015,2017,"Molasses Deep",1.61811258385434,32,"TotalSto",42,25.9561667210795
2016,2015,2017,"Molasses Deep",1.61811258385434,32,"TotalOct",2,1.23600793909903
2016,2015,2017,"Molasses Deep",1.61811258385434,32,"TotalCor",87,53.7663453508076
2016,2015,2017,"Molasses Shallow",1.56754656560889,31,"AGAR",11,7.01733539617511
2016,2015,2017,"Molasses Shallow",1.56754656560889,31,"FAVI",1,0.637939581470465
2016,2015,2017,"Molasses Shallow",1.56754656560889,31,"PORI",26,16.5864291182321
2016,2015,2017,"Molasses Shallow",1.56754656560889,31,"SIDE",15,9.56909372205697
2016,2015,2017,"Molasses Shallow",1.56754656560889,31,"Other",1,0.637939581470465
2016,2015,2017,"Molasses Shallow",1.56754656560889,31,"UNKS",4,2.55175832588186
2016,2015,2017,"Molasses Shallow",1.56754656560889,31,"TotalSto",58,37.0004957252869
2016,2015,2017,"Molasses Shallow",1.56754656560889,31,"TotalOct",3,1.91381874441139
2016,2015,2017,"Molasses Shallow",1.56754656560889,31,"TotalCor",119,75.9148101949853
2016,2015,2017,"Porter Patch",1.61811258385434,32,"AGAR",3,1.85401190864854
2016,2015,2017,"Porter Patch",1.61811258385434,32,"FAVI",0,0
2016,2015,2017,"Porter Patch",1.61811258385434,32,"PORI",7,4.32602778684659
2016,2015,2017,"Porter Patch",1.61811258385434,32,"SIDE",1,0.618003969549513
2016,2015,2017,"Porter Patch",1.61811258385434,32,"Other",0,0
2016,2015,2017,"Porter Patch",1.61811258385434,32,"UNKS",2,1.23600793909903
2016,2015,2017,"Porter Patch",1.61811258385434,32,"TotalSto",13,8.03405160414366
2016,2015,2017,"Porter Patch",1.61811258385434,32,"TotalOct",1,0.618003969549513
2016,2015,2017,"Porter Patch",1.61811258385434,32,"TotalCor",27,16.6861071778368
2016,2015,2017,"Red Dun Reef",1.61811258385434,32,"AGAR",1,0.618003969549513
2016,2015,2017,"Red Dun Reef",1.61811258385434,32,"FAVI",0,0
2016,2015,2017,"Red Dun Reef",1.61811258385434,32,"PORI",17,10.5060674823417
2016,2015,2017,"Red Dun Reef",1.61811258385434,32,"SIDE",6,3.70802381729708
2016,2015,2017,"Red Dun Reef",1.61811258385434,32,"Other",0,0
2016,2015,2017,"Red Dun Reef",1.61811258385434,32,"UNKS",0,0
2016,2015,2017,"Red Dun Reef",1.61811258385434,32,"TotalSto",24,14.8320952691883
2016,2015,2017,"Red Dun Reef",1.61811258385434,32,"TotalOct",0,0
2016,2015,2017,"Red Dun Reef",1.61811258385434,32,"TotalCor",48,29.6641905383766
2016,2015,2017,"Sand Key Deep",1.61811258385434,32,"AGAR",11,6.79804366504464
2016,2015,2017,"Sand Key Deep",1.61811258385434,32,"FAVI",1,0.618003969549513
2016,2015,2017,"Sand Key Deep",1.61811258385434,32,"PORI",4,2.47201587819805
2016,2015,2017,"Sand Key Deep",1.61811258385434,32,"SIDE",2,1.23600793909903
2016,2015,2017,"Sand Key Deep",1.61811258385434,32,"Other",0,0
2016,2015,2017,"Sand Key Deep",1.61811258385434,32,"UNKS",0,0
2016,2015,2017,"Sand Key Deep",1.61811258385434,32,"TotalSto",18,11.1240714518912
2016,2015,2017,"Sand Key Deep",1.61811258385434,32,"TotalOct",15,9.27005954324269
2016,2015,2017,"Sand Key Deep",1.61811258385434,32,"TotalCor",51,31.5182024470251
2016,2015,2017,"Sand Key Shallow",1.56754656560889,31,"AGAR",18,11.4829124664684
2016,2015,2017,"Sand Key Shallow",1.56754656560889,31,"FAVI",3,1.91381874441139
2016,2015,2017,"Sand Key Shallow",1.56754656560889,31,"PORI",30,19.1381874441139
2016,2015,2017,"Sand Key Shallow",1.56754656560889,31,"SIDE",1,0.637939581470465
2016,2015,2017,"Sand Key Shallow",1.56754656560889,31,"Other",0,0
2016,2015,2017,"Sand Key Shallow",1.56754656560889,31,"UNKS",0,0
2016,2015,2017,"Sand Key Shallow",1.56754656560889,31,"TotalSto",52,33.1728582364642
2016,2015,2017,"Sand Key Shallow",1.56754656560889,31,"TotalOct",2,1.27587916294093
2016,2015,2017,"Sand Key Shallow",1.56754656560889,31,"TotalCor",106,67.6215956358692
2016,2015,2017,"Sombrero Deep",1.61811258385434,32,"AGAR",16,9.8880635127922
2016,2015,2017,"Sombrero Deep",1.61811258385434,32,"FAVI",4,2.47201587819805
2016,2015,2017,"Sombrero Deep",1.61811258385434,32,"PORI",14,8.65205557369318
2016,2015,2017,"Sombrero Deep",1.61811258385434,32,"SIDE",0,0
2016,2015,2017,"Sombrero Deep",1.61811258385434,32,"Other",0,0
2016,2015,2017,"Sombrero Deep",1.61811258385434,32,"UNKS",5,3.09001984774756
2016,2015,2017,"Sombrero Deep",1.61811258385434,32,"TotalSto",39,24.102154812431
2016,2015,2017,"Sombrero Deep",1.61811258385434,32,"TotalOct",0,0
2016,2015,2017,"Sombrero Deep",1.61811258385434,32,"TotalCor",78,48.204309624862
2016,2015,2017,"Sombrero Shallow",1.61811258385434,32,"AGAR",2,1.23600793909903
2016,2015,2017,"Sombrero Shallow",1.61811258385434,32,"FAVI",0,0
2016,2015,2017,"Sombrero Shallow",1.61811258385434,32,"PORI",1,0.618003969549513
2016,2015,2017,"Sombrero Shallow",1.61811258385434,32,"SIDE",2,1.23600793909903
2016,2015,2017,"Sombrero Shallow",1.61811258385434,32,"Other",0,0
2016,2015,2017,"Sombrero Shallow",1.61811258385434,32,"UNKS",0,0
2016,2015,2017,"Sombrero Shallow",1.61811258385434,32,"TotalSto",5,3.09001984774756
2016,2015,2017,"Sombrero Shallow",1.61811258385434,32,"TotalOct",0,0
2016,2015,2017,"Sombrero Shallow",1.61811258385434,32,"TotalCor",10,6.18003969549513
2016,2015,2017,"Tennessee Deep",1.61811258385434,32,"AGAR",3,1.85401190864854
2016,2015,2017,"Tennessee Deep",1.61811258385434,32,"FAVI",3,1.85401190864854
2016,2015,2017,"Tennessee Deep",1.61811258385434,32,"PORI",0,0
2016,2015,2017,"Tennessee Deep",1.61811258385434,32,"SIDE",6,3.70802381729708
2016,2015,2017,"Tennessee Deep",1.61811258385434,32,"Other",0,0
2016,2015,2017,"Tennessee Deep",1.61811258385434,32,"UNKS",2,1.23600793909903
2016,2015,2017,"Tennessee Deep",1.61811258385434,32,"TotalSto",14,8.65205557369318
2016,2015,2017,"Tennessee Deep",1.61811258385434,32,"TotalOct",1,0.618003969549513
2016,2015,2017,"Tennessee Deep",1.61811258385434,32,"TotalCor",29,17.9221151169359
2016,2015,2017,"Tennessee Shallow",1.61811258385434,32,"AGAR",1,0.618003969549513
2016,2015,2017,"Tennessee Shallow",1.61811258385434,32,"FAVI",0,0
2016,2015,2017,"Tennessee Shallow",1.61811258385434,32,"PORI",0,0
2016,2015,2017,"Tennessee Shallow",1.61811258385434,32,"SIDE",8,4.9440317563961
2016,2015,2017,"Tennessee Shallow",1.61811258385434,32,"Other",0,0
2016,2015,2017,"Tennessee Shallow",1.61811258385434,32,"UNKS",0,0
2016,2015,2017,"Tennessee Shallow",1.61811258385434,32,"TotalSto",9,5.56203572594561
2016,2015,2017,"Tennessee Shallow",1.61811258385434,32,"TotalOct",4,2.47201587819805
2016,2015,2017,"Tennessee Shallow",1.61811258385434,32,"TotalCor",22,13.5960873300893
2016,2015,2017,"West Turtle Shoal",1.61811258385434,32,"AGAR",2,1.23600793909903
2016,2015,2017,"West Turtle Shoal",1.61811258385434,32,"FAVI",0,0
2016,2015,2017,"West Turtle Shoal",1.61811258385434,32,"PORI",21,12.9780833605398
2016,2015,2017,"West Turtle Shoal",1.61811258385434,32,"SIDE",11,6.79804366504464
2016,2015,2017,"West Turtle Shoal",1.61811258385434,32,"Other",0,0
2016,2015,2017,"West Turtle Shoal",1.61811258385434,32,"UNKS",1,0.618003969549513
2016,2015,2017,"West Turtle Shoal",1.61811258385434,32,"TotalSto",34,21.0121349646834
2016,2015,2017,"West Turtle Shoal",1.61811258385434,32,"TotalOct",1,0.618003969549513
2016,2015,2017,"West Turtle Shoal",1.61811258385434,32,"TotalCor",70,43.2602778684659
2016,2015,2017,"West Washerwoman",1.61811258385434,32,"AGAR",1,0.618003969549513
2016,2015,2017,"West Washerwoman",1.61811258385434,32,"FAVI",0,0
2016,2015,2017,"West Washerwoman",1.61811258385434,32,"PORI",9,5.56203572594561
2016,2015,2017,"West Washerwoman",1.61811258385434,32,"SIDE",1,0.618003969549513
2016,2015,2017,"West Washerwoman",1.61811258385434,32,"Other",0,0
2016,2015,2017,"West Washerwoman",1.61811258385434,32,"UNKS",0,0
2016,2015,2017,"West Washerwoman",1.61811258385434,32,"TotalSto",11,6.79804366504464
2016,2015,2017,"West Washerwoman",1.61811258385434,32,"TotalOct",1,0.618003969549513
2016,2015,2017,"West Washerwoman",1.61811258385434,32,"TotalCor",23,14.2140912996388
2016,2015,2017,"Western Sambo Deep",1.61811258385434,32,"AGAR",2,1.23600793909903
2016,2015,2017,"Western Sambo Deep",1.61811258385434,32,"FAVI",4,2.47201587819805
2016,2015,2017,"Western Sambo Deep",1.61811258385434,32,"PORI",7,4.32602778684659
2016,2015,2017,"Western Sambo Deep",1.61811258385434,32,"SIDE",4,2.47201587819805
2016,2015,2017,"Western Sambo Deep",1.61811258385434,32,"Other",0,0
2016,2015,2017,"Western Sambo Deep",1.61811258385434,32,"UNKS",0,0
2016,2015,2017,"Western Sambo Deep",1.61811258385434,32,"TotalSto",17,10.5060674823417
2016,2015,2017,"Western Sambo Deep",1.61811258385434,32,"TotalOct",7,4.32602778684659
2016,2015,2017,"Western Sambo Deep",1.61811258385434,32,"TotalCor",41,25.33816275153
2016,2015,2017,"Western Sambo Shallow",1.51698054736344,30,"AGAR",4,2.63681693674459
2016,2015,2017,"Western Sambo Shallow",1.51698054736344,30,"FAVI",2,1.31840846837229
2016,2015,2017,"Western Sambo Shallow",1.51698054736344,30,"PORI",19,12.5248804495368
2016,2015,2017,"Western Sambo Shallow",1.51698054736344,30,"SIDE",0,0
2016,2015,2017,"Western Sambo Shallow",1.51698054736344,30,"Other",0,0
2016,2015,2017,"Western Sambo Shallow",1.51698054736344,30,"UNKS",1,0.659204234186147
2016,2015,2017,"Western Sambo Shallow",1.51698054736344,30,"TotalSto",26,17.1393100888398
2016,2015,2017,"Western Sambo Shallow",1.51698054736344,30,"TotalOct",0,0
2016,2015,2017,"Western Sambo Shallow",1.51698054736344,30,"TotalCor",52,34.2786201776796
2017,2016,2018,"Admiral",1.61811258385434,32,"AGAR",0,0
2017,2016,2018,"Admiral",1.61811258385434,32,"FAVI",0,0
2017,2016,2018,"Admiral",1.61811258385434,32,"PORI",1,0.618003969549513
2017,2016,2018,"Admiral",1.61811258385434,32,"SIDE",5,3.09001984774756
2017,2016,2018,"Admiral",1.61811258385434,32,"Other",0,0
2017,2016,2018,"Admiral",1.61811258385434,32,"UNKS",1,0.618003969549513
2017,2016,2018,"Admiral",1.61811258385434,32,"TotalSto",7,4.32602778684659
2017,2016,2018,"Admiral",1.61811258385434,32,"TotalOct",1,0.618003969549513
2017,2016,2018,"Admiral",1.61811258385434,32,"TotalCor",15,9.27005954324269
2017,2016,2018,"BC1",1.61811258385434,32,"AGAR",1,0.618003969549513
2017,2016,2018,"BC1",1.61811258385434,32,"FAVI",1,0.618003969549513
2017,2016,2018,"BC1",1.61811258385434,32,"PORI",3,1.85401190864854
2017,2016,2018,"BC1",1.61811258385434,32,"SIDE",5,3.09001984774756
2017,2016,2018,"BC1",1.61811258385434,32,"Other",0,0
2017,2016,2018,"BC1",1.61811258385434,32,"UNKS",3,1.85401190864854
2017,2016,2018,"BC1",1.61811258385434,32,"TotalSto",13,8.03405160414366
2017,2016,2018,"BC1",1.61811258385434,32,"TotalOct",3,1.85401190864854
2017,2016,2018,"BC1",1.61811258385434,32,"TotalCor",16,9.8880635127922
2017,2016,2018,"BC2",1.61811258385434,32,"AGAR",0,0
2017,2016,2018,"BC2",1.61811258385434,32,"FAVI",0,0
2017,2016,2018,"BC2",1.61811258385434,32,"PORI",23,14.2140912996388
2017,2016,2018,"BC2",1.61811258385434,32,"SIDE",1,0.618003969549513
2017,2016,2018,"BC2",1.61811258385434,32,"Other",0,0
2017,2016,2018,"BC2",1.61811258385434,32,"UNKS",9,5.56203572594561
2017,2016,2018,"BC2",1.61811258385434,32,"TotalSto",33,20.3941309951339
2017,2016,2018,"BC2",1.61811258385434,32,"TotalOct",4,2.47201587819805
2017,2016,2018,"BC2",1.61811258385434,32,"TotalCor",37,22.866146873332
2017,2016,2018,"BC3",1.61811258385434,32,"AGAR",1,0.618003969549513
2017,2016,2018,"BC3",1.61811258385434,32,"FAVI",2,1.23600793909903
2017,2016,2018,"BC3",1.61811258385434,32,"PORI",14,8.65205557369318
2017,2016,2018,"BC3",1.61811258385434,32,"SIDE",0,0
2017,2016,2018,"BC3",1.61811258385434,32,"Other",0,0
2017,2016,2018,"BC3",1.61811258385434,32,"UNKS",8,4.9440317563961
2017,2016,2018,"BC3",1.61811258385434,32,"TotalSto",25,15.4500992387378
2017,2016,2018,"BC3",1.61811258385434,32,"TotalOct",5,3.09001984774756
2017,2016,2018,"BC3",1.61811258385434,32,"TotalCor",30,18.5401190864854
2017,2016,2018,"BC4",1.61811258385434,32,"AGAR",5,3.09001984774756
2017,2016,2018,"BC4",1.61811258385434,32,"FAVI",0,0
2017,2016,2018,"BC4",1.61811258385434,32,"PORI",55,33.9902183252232
2017,2016,2018,"BC4",1.61811258385434,32,"SIDE",0,0
2017,2016,2018,"BC4",1.61811258385434,32,"Other",0,0
2017,2016,2018,"BC4",1.61811258385434,32,"UNKS",24,14.8320952691883
2017,2016,2018,"BC4",1.61811258385434,32,"TotalSto",84,51.912333442159
2017,2016,2018,"BC4",1.61811258385434,32,"TotalOct",3,1.85401190864854
2017,2016,2018,"BC4",1.61811258385434,32,"TotalCor",87,53.7663453508076
2017,2016,2018,"Carysfort Deep",1.61811258385434,32,"AGAR",45,27.8101786297281
2017,2016,2018,"Carysfort Deep",1.61811258385434,32,"FAVI",7,4.32602778684659
2017,2016,2018,"Carysfort Deep",1.61811258385434,32,"PORI",20,12.3600793909903
2017,2016,2018,"Carysfort Deep",1.61811258385434,32,"SIDE",1,0.618003969549513
2017,2016,2018,"Carysfort Deep",1.61811258385434,32,"Other",0,0
2017,2016,2018,"Carysfort Deep",1.61811258385434,32,"UNKS",5,3.09001984774756
2017,2016,2018,"Carysfort Deep",1.61811258385434,32,"TotalSto",78,48.204309624862
2017,2016,2018,"Carysfort Deep",1.61811258385434,32,"TotalOct",85,52.5303374117086
2017,2016,2018,"Carysfort Deep",1.61811258385434,32,"TotalCor",241,148.938956661433
2017,2016,2018,"Carysfort Shallow",1.61811258385434,32,"AGAR",7,4.32602778684659
2017,2016,2018,"Carysfort Shallow",1.61811258385434,32,"FAVI",2,1.23600793909903
2017,2016,2018,"Carysfort Shallow",1.61811258385434,32,"PORI",14,8.65205557369318
2017,2016,2018,"Carysfort Shallow",1.61811258385434,32,"SIDE",1,0.618003969549513
2017,2016,2018,"Carysfort Shallow",1.61811258385434,32,"Other",0,0
2017,2016,2018,"Carysfort Shallow",1.61811258385434,32,"UNKS",4,2.47201587819805
2017,2016,2018,"Carysfort Shallow",1.61811258385434,32,"TotalSto",28,17.3041111473864
2017,2016,2018,"Carysfort Shallow",1.61811258385434,32,"TotalOct",41,25.33816275153
2017,2016,2018,"Carysfort Shallow",1.61811258385434,32,"TotalCor",97,59.9463850463027
2017,2016,2018,"DC1",1.61811258385434,32,"AGAR",1,0.618003969549513
2017,2016,2018,"DC1",1.61811258385434,32,"FAVI",0,0
2017,2016,2018,"DC1",1.61811258385434,32,"PORI",13,8.03405160414366
2017,2016,2018,"DC1",1.61811258385434,32,"SIDE",0,0
2017,2016,2018,"DC1",1.61811258385434,32,"Other",0,0
2017,2016,2018,"DC1",1.61811258385434,32,"UNKS",7,4.32602778684659
2017,2016,2018,"DC1",1.61811258385434,32,"TotalSto",21,12.9780833605398
2017,2016,2018,"DC1",1.61811258385434,32,"TotalOct",0,0
2017,2016,2018,"DC1",1.61811258385434,32,"TotalCor",21,12.9780833605398
2017,2016,2018,"DC2",1.51698054736344,30,"AGAR",0,0
2017,2016,2018,"DC2",1.51698054736344,30,"FAVI",0,0
2017,2016,2018,"DC2",1.51698054736344,30,"PORI",10,6.59204234186147
2017,2016,2018,"DC2",1.51698054736344,30,"SIDE",2,1.31840846837229
2017,2016,2018,"DC2",1.51698054736344,30,"Other",0,0
2017,2016,2018,"DC2",1.51698054736344,30,"UNKS",2,1.31840846837229
2017,2016,2018,"DC2",1.51698054736344,30,"TotalSto",14,9.22885927860605
2017,2016,2018,"DC2",1.51698054736344,30,"TotalOct",11,7.25124657604761
2017,2016,2018,"DC2",1.51698054736344,30,"TotalCor",25,16.4801058546537
2017,2016,2018,"DC3",1.56754656560889,31,"AGAR",0,0
2017,2016,2018,"DC3",1.56754656560889,31,"FAVI",1,0.637939581470465
2017,2016,2018,"DC3",1.56754656560889,31,"PORI",4,2.55175832588186
2017,2016,2018,"DC3",1.56754656560889,31,"SIDE",0,0
2017,2016,2018,"DC3",1.56754656560889,31,"Other",0,0
2017,2016,2018,"DC3",1.56754656560889,31,"UNKS",5,3.18969790735232
2017,2016,2018,"DC3",1.56754656560889,31,"TotalSto",10,6.37939581470465
2017,2016,2018,"DC3",1.56754656560889,31,"TotalOct",4,2.55175832588186
2017,2016,2018,"DC3",1.56754656560889,31,"TotalCor",14,8.9311541405865
2017,2016,2018,"DC4",1.61811258385434,32,"AGAR",2,1.23600793909903
2017,2016,2018,"DC4",1.61811258385434,32,"FAVI",0,0
2017,2016,2018,"DC4",1.61811258385434,32,"PORI",17,10.5060674823417
2017,2016,2018,"DC4",1.61811258385434,32,"SIDE",1,0.618003969549513
2017,2016,2018,"DC4",1.61811258385434,32,"Other",0,0
2017,2016,2018,"DC4",1.61811258385434,32,"UNKS",4,2.47201587819805
2017,2016,2018,"DC4",1.61811258385434,32,"TotalSto",24,14.8320952691883
2017,2016,2018,"DC4",1.61811258385434,32,"TotalOct",7,4.32602778684659
2017,2016,2018,"DC4",1.61811258385434,32,"TotalCor",31,19.1581230560349
2017,2016,2018,"DC5",1.61811258385434,32,"AGAR",14,8.65205557369318
2017,2016,2018,"DC5",1.61811258385434,32,"FAVI",0,0
2017,2016,2018,"DC5",1.61811258385434,32,"PORI",19,11.7420754214407
2017,2016,2018,"DC5",1.61811258385434,32,"SIDE",0,0
2017,2016,2018,"DC5",1.61811258385434,32,"Other",0,0
2017,2016,2018,"DC5",1.61811258385434,32,"UNKS",7,4.32602778684659
2017,2016,2018,"DC5",1.61811258385434,32,"TotalSto",40,24.7201587819805
2017,2016,2018,"DC5",1.61811258385434,32,"TotalOct",2,1.23600793909903
2017,2016,2018,"DC5",1.61811258385434,32,"TotalCor",42,25.9561667210795
2017,2016,2018,"DC6",1.61811258385434,32,"AGAR",1,0.618003969549513
2017,2016,2018,"DC6",1.61811258385434,32,"FAVI",0,0
2017,2016,2018,"DC6",1.61811258385434,32,"PORI",9,5.56203572594561
2017,2016,2018,"DC6",1.61811258385434,32,"SIDE",0,0
2017,2016,2018,"DC6",1.61811258385434,32,"Other",0,0
2017,2016,2018,"DC6",1.61811258385434,32,"UNKS",1,0.618003969549513
2017,2016,2018,"DC6",1.61811258385434,32,"TotalSto",11,6.79804366504464
2017,2016,2018,"DC6",1.61811258385434,32,"TotalOct",1,0.618003969549513
2017,2016,2018,"DC6",1.61811258385434,32,"TotalCor",12,7.41604763459415
2017,2016,2018,"DC7",1.56754656560889,31,"AGAR",0,0
2017,2016,2018,"DC7",1.56754656560889,31,"FAVI",0,0
2017,2016,2018,"DC7",1.56754656560889,31,"PORI",5,3.18969790735232
2017,2016,2018,"DC7",1.56754656560889,31,"SIDE",2,1.27587916294093
2017,2016,2018,"DC7",1.56754656560889,31,"Other",0,0
2017,2016,2018,"DC7",1.56754656560889,31,"UNKS",5,3.18969790735232
2017,2016,2018,"DC7",1.56754656560889,31,"TotalSto",12,7.65527497764557
2017,2016,2018,"DC7",1.56754656560889,31,"TotalOct",15,9.56909372205697
2017,2016,2018,"DC7",1.56754656560889,31,"TotalCor",27,17.2243686997025
2017,2016,2018,"DC8",1.61811258385434,32,"AGAR",0,0
2017,2016,2018,"DC8",1.61811258385434,32,"FAVI",0,0
2017,2016,2018,"DC8",1.61811258385434,32,"PORI",1,0.618003969549513
2017,2016,2018,"DC8",1.61811258385434,32,"SIDE",12,7.41604763459415
2017,2016,2018,"DC8",1.61811258385434,32,"Other",0,0
2017,2016,2018,"DC8",1.61811258385434,32,"UNKS",2,1.23600793909903
2017,2016,2018,"DC8",1.61811258385434,32,"TotalSto",15,9.27005954324269
2017,2016,2018,"DC8",1.61811258385434,32,"TotalOct",264,163.153047961071
2017,2016,2018,"DC8",1.61811258385434,32,"TotalCor",279,172.423107504314
2017,2016,2018,"Dustan Rocks",1.51698054736344,30,"AGAR",0,0
2017,2016,2018,"Dustan Rocks",1.51698054736344,30,"FAVI",1,0.659204234186147
2017,2016,2018,"Dustan Rocks",1.51698054736344,30,"PORI",30,19.7761270255844
2017,2016,2018,"Dustan Rocks",1.51698054736344,30,"SIDE",9,5.93283810767532
2017,2016,2018,"Dustan Rocks",1.51698054736344,30,"Other",0,0
2017,2016,2018,"Dustan Rocks",1.51698054736344,30,"UNKS",4,2.63681693674459
2017,2016,2018,"Dustan Rocks",1.51698054736344,30,"TotalSto",44,29.0049863041905
2017,2016,2018,"Dustan Rocks",1.51698054736344,30,"TotalOct",4,2.63681693674459
2017,2016,2018,"Dustan Rocks",1.51698054736344,30,"TotalCor",92,60.6467895451255
2017,2016,2018,"Molasses Deep",1.61811258385434,32,"AGAR",61,37.6982421425203
2017,2016,2018,"Molasses Deep",1.61811258385434,32,"FAVI",2,1.23600793909903
2017,2016,2018,"Molasses Deep",1.61811258385434,32,"PORI",48,29.6641905383766
2017,2016,2018,"Molasses Deep",1.61811258385434,32,"SIDE",1,0.618003969549513
2017,2016,2018,"Molasses Deep",1.61811258385434,32,"Other",0,0
2017,2016,2018,"Molasses Deep",1.61811258385434,32,"UNKS",5,3.09001984774756
2017,2016,2018,"Molasses Deep",1.61811258385434,32,"TotalSto",117,72.306464437293
2017,2016,2018,"Molasses Deep",1.61811258385434,32,"TotalOct",73,45.1142897771144
2017,2016,2018,"Molasses Deep",1.61811258385434,32,"TotalCor",307,189.7272186517
2017,2016,2018,"Molasses Shallow",1.56754656560889,31,"AGAR",42,26.7934624217595
2017,2016,2018,"Molasses Shallow",1.56754656560889,31,"FAVI",3,1.91381874441139
2017,2016,2018,"Molasses Shallow",1.56754656560889,31,"PORI",23,14.6726103738207
2017,2016,2018,"Molasses Shallow",1.56754656560889,31,"SIDE",1,0.637939581470465
2017,2016,2018,"Molasses Shallow",1.56754656560889,31,"Other",1,0.637939581470465
2017,2016,2018,"Molasses Shallow",1.56754656560889,31,"UNKS",9,5.74145623323418
2017,2016,2018,"Molasses Shallow",1.56754656560889,31,"TotalSto",77,49.1213477732258
2017,2016,2018,"Molasses Shallow",1.56754656560889,31,"TotalOct",28,17.862308281173
2017,2016,2018,"Molasses Shallow",1.56754656560889,31,"TotalCor",184,117.380882990565
2017,2016,2018,"Porter Patch",1.61811258385434,32,"AGAR",7,4.32602778684659
2017,2016,2018,"Porter Patch",1.61811258385434,32,"FAVI",2,1.23600793909903
2017,2016,2018,"Porter Patch",1.61811258385434,32,"PORI",9,5.56203572594561
2017,2016,2018,"Porter Patch",1.61811258385434,32,"SIDE",1,0.618003969549513
2017,2016,2018,"Porter Patch",1.61811258385434,32,"Other",0,0
2017,2016,2018,"Porter Patch",1.61811258385434,32,"UNKS",3,1.85401190864854
2017,2016,2018,"Porter Patch",1.61811258385434,32,"TotalSto",22,13.5960873300893
2017,2016,2018,"Porter Patch",1.61811258385434,32,"TotalOct",1,0.618003969549513
2017,2016,2018,"Porter Patch",1.61811258385434,32,"TotalCor",45,27.8101786297281
2017,2016,2018,"Red Dun Reef",1.61811258385434,32,"AGAR",0,0
2017,2016,2018,"Red Dun Reef",1.61811258385434,32,"FAVI",0,0
2017,2016,2018,"Red Dun Reef",1.61811258385434,32,"PORI",2,1.23600793909903
2017,2016,2018,"Red Dun Reef",1.61811258385434,32,"SIDE",0,0
2017,2016,2018,"Red Dun Reef",1.61811258385434,32,"Other",0,0
2017,2016,2018,"Red Dun Reef",1.61811258385434,32,"UNKS",2,1.23600793909903
2017,2016,2018,"Red Dun Reef",1.61811258385434,32,"TotalSto",4,2.47201587819805
2017,2016,2018,"Red Dun Reef",1.61811258385434,32,"TotalOct",3,1.85401190864854
2017,2016,2018,"Red Dun Reef",1.61811258385434,32,"TotalCor",11,6.79804366504464
2017,2016,2018,"Sand Key Deep",1.61811258385434,32,"AGAR",22,13.5960873300893
2017,2016,2018,"Sand Key Deep",1.61811258385434,32,"FAVI",0,0
2017,2016,2018,"Sand Key Deep",1.61811258385434,32,"PORI",28,17.3041111473864
2017,2016,2018,"Sand Key Deep",1.61811258385434,32,"SIDE",4,2.47201587819805
2017,2016,2018,"Sand Key Deep",1.61811258385434,32,"Other",0,0
2017,2016,2018,"Sand Key Deep",1.61811258385434,32,"UNKS",8,4.9440317563961
2017,2016,2018,"Sand Key Deep",1.61811258385434,32,"TotalSto",62,38.3162461120698
2017,2016,2018,"Sand Key Deep",1.61811258385434,32,"TotalOct",46,28.4281825992776
2017,2016,2018,"Sand Key Deep",1.61811258385434,32,"TotalCor",170,105.060674823417
2017,2016,2018,"Sand Key Shallow",1.61811258385434,32,"AGAR",34,21.0121349646834
2017,2016,2018,"Sand Key Shallow",1.61811258385434,32,"FAVI",5,3.09001984774756
2017,2016,2018,"Sand Key Shallow",1.61811258385434,32,"PORI",92,56.8563651985552
2017,2016,2018,"Sand Key Shallow",1.61811258385434,32,"SIDE",0,0
2017,2016,2018,"Sand Key Shallow",1.61811258385434,32,"Other",0,0
2017,2016,2018,"Sand Key Shallow",1.61811258385434,32,"UNKS",17,10.5060674823417
2017,2016,2018,"Sand Key Shallow",1.61811258385434,32,"TotalSto",148,91.4645874933279
2017,2016,2018,"Sand Key Shallow",1.61811258385434,32,"TotalOct",11,6.79804366504464
2017,2016,2018,"Sand Key Shallow",1.61811258385434,32,"TotalCor",307,189.7272186517
2017,2016,2018,"Sombrero Deep",1.61811258385434,32,"AGAR",38,23.4841508428815
2017,2016,2018,"Sombrero Deep",1.61811258385434,32,"FAVI",1,0.618003969549513
2017,2016,2018,"Sombrero Deep",1.61811258385434,32,"PORI",17,10.5060674823417
2017,2016,2018,"Sombrero Deep",1.61811258385434,32,"SIDE",3,1.85401190864854
2017,2016,2018,"Sombrero Deep",1.61811258385434,32,"Other",0,0
2017,2016,2018,"Sombrero Deep",1.61811258385434,32,"UNKS",6,3.70802381729708
2017,2016,2018,"Sombrero Deep",1.61811258385434,32,"TotalSto",64,39.5522540511688
2017,2016,2018,"Sombrero Deep",1.61811258385434,32,"TotalOct",80,49.440317563961
2017,2016,2018,"Sombrero Deep",1.61811258385434,32,"TotalCor",209,129.162829635848
2017,2016,2018,"Sombrero Shallow",1.56754656560889,31,"AGAR",12,7.65527497764557
2017,2016,2018,"Sombrero Shallow",1.56754656560889,31,"FAVI",1,0.637939581470465
2017,2016,2018,"Sombrero Shallow",1.56754656560889,31,"PORI",4,2.55175832588186
2017,2016,2018,"Sombrero Shallow",1.56754656560889,31,"SIDE",0,0
2017,2016,2018,"Sombrero Shallow",1.56754656560889,31,"Other",0,0
2017,2016,2018,"Sombrero Shallow",1.56754656560889,31,"UNKS",0,0
2017,2016,2018,"Sombrero Shallow",1.56754656560889,31,"TotalSto",17,10.8449728849979
2017,2016,2018,"Sombrero Shallow",1.56754656560889,31,"TotalOct",0,0
2017,2016,2018,"Sombrero Shallow",1.56754656560889,31,"TotalCor",34,21.6899457699958
2017,2016,2018,"Tennessee Deep",1.61811258385434,32,"AGAR",31,19.1581230560349
2017,2016,2018,"Tennessee Deep",1.61811258385434,32,"FAVI",3,1.85401190864854
2017,2016,2018,"Tennessee Deep",1.61811258385434,32,"PORI",36,22.2481429037825
2017,2016,2018,"Tennessee Deep",1.61811258385434,32,"SIDE",17,10.5060674823417
2017,2016,2018,"Tennessee Deep",1.61811258385434,32,"Other",0,0
2017,2016,2018,"Tennessee Deep",1.61811258385434,32,"UNKS",5,3.09001984774756
2017,2016,2018,"Tennessee Deep",1.61811258385434,32,"TotalSto",89,55.0023532899066
2017,2016,2018,"Tennessee Deep",1.61811258385434,32,"TotalOct",29,17.9221151169359
2017,2016,2018,"Tennessee Deep",1.61811258385434,32,"TotalCor",210,129.780833605398
2017,2016,2018,"Tennessee Shallow",1.61811258385434,32,"AGAR",20,12.3600793909903
2017,2016,2018,"Tennessee Shallow",1.61811258385434,32,"FAVI",0,0
2017,2016,2018,"Tennessee Shallow",1.61811258385434,32,"PORI",11,6.79804366504464
2017,2016,2018,"Tennessee Shallow",1.61811258385434,32,"SIDE",4,2.47201587819805
2017,2016,2018,"Tennessee Shallow",1.61811258385434,32,"Other",0,0
2017,2016,2018,"Tennessee Shallow",1.61811258385434,32,"UNKS",5,3.09001984774756
2017,2016,2018,"Tennessee Shallow",1.61811258385434,32,"TotalSto",40,24.7201587819805
2017,2016,2018,"Tennessee Shallow",1.61811258385434,32,"TotalOct",7,4.32602778684659
2017,2016,2018,"Tennessee Shallow",1.61811258385434,32,"TotalCor",87,53.7663453508076
2017,2016,2018,"West Turtle Shoal",1.61811258385434,32,"AGAR",34,21.0121349646834
2017,2016,2018,"West Turtle Shoal",1.61811258385434,32,"FAVI",2,1.23600793909903
2017,2016,2018,"West Turtle Shoal",1.61811258385434,32,"PORI",27,16.6861071778368
2017,2016,2018,"West Turtle Shoal",1.61811258385434,32,"SIDE",9,5.56203572594561
2017,2016,2018,"West Turtle Shoal",1.61811258385434,32,"Other",0,0
2017,2016,2018,"West Turtle Shoal",1.61811258385434,32,"UNKS",5,3.09001984774756
2017,2016,2018,"West Turtle Shoal",1.61811258385434,32,"TotalSto",77,47.5863056553125
2017,2016,2018,"West Turtle Shoal",1.61811258385434,32,"TotalOct",15,9.27005954324269
2017,2016,2018,"West Turtle Shoal",1.61811258385434,32,"TotalCor",169,104.442670853868
2017,2016,2018,"West Washerwoman",1.61811258385434,32,"AGAR",0,0
2017,2016,2018,"West Washerwoman",1.61811258385434,32,"FAVI",0,0
2017,2016,2018,"West Washerwoman",1.61811258385434,32,"PORI",14,8.65205557369318
2017,2016,2018,"West Washerwoman",1.61811258385434,32,"SIDE",3,1.85401190864854
2017,2016,2018,"West Washerwoman",1.61811258385434,32,"Other",0,0
2017,2016,2018,"West Washerwoman",1.61811258385434,32,"UNKS",2,1.23600793909903
2017,2016,2018,"West Washerwoman",1.61811258385434,32,"TotalSto",19,11.7420754214407
2017,2016,2018,"West Washerwoman",1.61811258385434,32,"TotalOct",0,0
2017,2016,2018,"West Washerwoman",1.61811258385434,32,"TotalCor",38,23.4841508428815
2017,2016,2018,"Western Sambo Deep",1.61811258385434,32,"AGAR",12,7.41604763459415
2017,2016,2018,"Western Sambo Deep",1.61811258385434,32,"FAVI",1,0.618003969549513
2017,2016,2018,"Western Sambo Deep",1.61811258385434,32,"PORI",10,6.18003969549513
2017,2016,2018,"Western Sambo Deep",1.61811258385434,32,"SIDE",0,0
2017,2016,2018,"Western Sambo Deep",1.61811258385434,32,"Other",1,0.618003969549513
2017,2016,2018,"Western Sambo Deep",1.61811258385434,32,"UNKS",6,3.70802381729708
2017,2016,2018,"Western Sambo Deep",1.61811258385434,32,"TotalSto",30,18.5401190864854
2017,2016,2018,"Western Sambo Deep",1.61811258385434,32,"TotalOct",22,13.5960873300893
2017,2016,2018,"Western Sambo Deep",1.61811258385434,32,"TotalCor",82,50.67632550306
2017,2016,2018,"Western Sambo Shallow",1.56754656560889,31,"AGAR",3,1.91381874441139
2017,2016,2018,"Western Sambo Shallow",1.56754656560889,31,"FAVI",4,2.55175832588186
2017,2016,2018,"Western Sambo Shallow",1.56754656560889,31,"PORI",37,23.6037645144072
2017,2016,2018,"Western Sambo Shallow",1.56754656560889,31,"SIDE",0,0
2017,2016,2018,"Western Sambo Shallow",1.56754656560889,31,"Other",0,0
2017,2016,2018,"Western Sambo Shallow",1.56754656560889,31,"UNKS",4,2.55175832588186
2017,2016,2018,"Western Sambo Shallow",1.56754656560889,31,"TotalSto",48,30.6210999105823
2017,2016,2018,"Western Sambo Shallow",1.56754656560889,31,"TotalOct",1,0.637939581470465
2017,2016,2018,"Western Sambo Shallow",1.56754656560889,31,"TotalCor",97,61.8801394026351
2018,2017,2019,"Admiral",1.51698054736344,30,"AGAR",0,0
2018,2017,2019,"Admiral",1.51698054736344,30,"FAVI",0,0
2018,2017,2019,"Admiral",1.51698054736344,30,"PORI",0,0
2018,2017,2019,"Admiral",1.51698054736344,30,"SIDE",35,23.0721481965151
2018,2017,2019,"Admiral",1.51698054736344,30,"Other",0,0
2018,2017,2019,"Admiral",1.51698054736344,30,"UNKS",88,58.0099726083809
2018,2017,2019,"Admiral",1.51698054736344,30,"TotalSto",123,81.082120804896
2018,2017,2019,"Admiral",1.51698054736344,30,"TotalOct",1,0.659204234186147
2018,2017,2019,"Admiral",1.51698054736344,30,"TotalCor",247,162.823445843978
2018,2017,2019,"BC1",1.51698054736344,30,"AGAR",0,0
2018,2017,2019,"BC1",1.51698054736344,30,"FAVI",0,0
2018,2017,2019,"BC1",1.51698054736344,30,"PORI",7,4.61442963930303
2018,2017,2019,"BC1",1.51698054736344,30,"SIDE",4,2.63681693674459
2018,2017,2019,"BC1",1.51698054736344,30,"Other",0,0
2018,2017,2019,"BC1",1.51698054736344,30,"UNKS",1,0.659204234186147
2018,2017,2019,"BC1",1.51698054736344,30,"TotalSto",12,7.91045081023376
2018,2017,2019,"BC1",1.51698054736344,30,"TotalOct",4,2.63681693674459
2018,2017,2019,"BC1",1.51698054736344,30,"TotalCor",16,10.5472677469783
2018,2017,2019,"BC2",1.56754656560889,31,"AGAR",1,0.637939581470465
2018,2017,2019,"BC2",1.56754656560889,31,"FAVI",1,0.637939581470465
2018,2017,2019,"BC2",1.56754656560889,31,"PORI",9,5.74145623323418
2018,2017,2019,"BC2",1.56754656560889,31,"SIDE",25,15.9484895367616
2018,2017,2019,"BC2",1.56754656560889,31,"Other",0,0
2018,2017,2019,"BC2",1.56754656560889,31,"UNKS",27,17.2243686997025
2018,2017,2019,"BC2",1.56754656560889,31,"TotalSto",63,40.1901936326393
2018,2017,2019,"BC2",1.56754656560889,31,"TotalOct",6,3.82763748882279
2018,2017,2019,"BC2",1.56754656560889,31,"TotalCor",69,44.017831121462
2018,2017,2019,"BC3",1.51698054736344,30,"AGAR",0,0
2018,2017,2019,"BC3",1.51698054736344,30,"FAVI",0,0
2018,2017,2019,"BC3",1.51698054736344,30,"PORI",8,5.27363387348917
2018,2017,2019,"BC3",1.51698054736344,30,"SIDE",56,36.9154371144242
2018,2017,2019,"BC3",1.51698054736344,30,"Other",0,0
2018,2017,2019,"BC3",1.51698054736344,30,"UNKS",59,38.8930498169827
2018,2017,2019,"BC3",1.51698054736344,30,"TotalSto",123,81.082120804896
2018,2017,2019,"BC3",1.51698054736344,30,"TotalOct",6,3.95522540511688
2018,2017,2019,"BC3",1.51698054736344,30,"TotalCor",129,85.0373462100129
2018,2017,2019,"BC4",1.21358443789075,24,"AGAR",4,3.29602117093073
2018,2017,2019,"BC4",1.21358443789075,24,"FAVI",0,0
2018,2017,2019,"BC4",1.21358443789075,24,"PORI",45,37.0802381729708
2018,2017,2019,"BC4",1.21358443789075,24,"SIDE",1,0.824005292732683
2018,2017,2019,"BC4",1.21358443789075,24,"Other",0,0
2018,2017,2019,"BC4",1.21358443789075,24,"UNKS",4,3.29602117093073
2018,2017,2019,"BC4",1.21358443789075,24,"TotalSto",54,44.4962858075649
2018,2017,2019,"BC4",1.21358443789075,24,"TotalOct",4,3.29602117093073
2018,2017,2019,"BC4",1.21358443789075,24,"TotalCor",58,47.7923069784956
2018,2017,2019,"Carysfort Deep",1.56754656560889,31,"AGAR",70,44.6557707029325
2018,2017,2019,"Carysfort Deep",1.56754656560889,31,"FAVI",0,0
2018,2017,2019,"Carysfort Deep",1.56754656560889,31,"PORI",19,12.1208520479388
2018,2017,2019,"Carysfort Deep",1.56754656560889,31,"SIDE",23,14.6726103738207
2018,2017,2019,"Carysfort Deep",1.56754656560889,31,"Other",0,0
2018,2017,2019,"Carysfort Deep",1.56754656560889,31,"UNKS",14,8.9311541405865
2018,2017,2019,"Carysfort Deep",1.56754656560889,31,"TotalSto",126,80.3803872652785
2018,2017,2019,"Carysfort Deep",1.56754656560889,31,"TotalOct",19,12.1208520479388
2018,2017,2019,"Carysfort Deep",1.56754656560889,31,"TotalCor",271,172.881626578496
2018,2017,2019,"Carysfort Shallow",1.21358443789075,24,"AGAR",5,4.12002646366342
2018,2017,2019,"Carysfort Shallow",1.21358443789075,24,"FAVI",0,0
2018,2017,2019,"Carysfort Shallow",1.21358443789075,24,"PORI",15,12.3600793909903
2018,2017,2019,"Carysfort Shallow",1.21358443789075,24,"SIDE",2,1.64801058546537
2018,2017,2019,"Carysfort Shallow",1.21358443789075,24,"Other",0,0
2018,2017,2019,"Carysfort Shallow",1.21358443789075,24,"UNKS",1,0.824005292732683
2018,2017,2019,"Carysfort Shallow",1.21358443789075,24,"TotalSto",23,18.9521217328517
2018,2017,2019,"Carysfort Shallow",1.21358443789075,24,"TotalOct",9,7.41604763459415
2018,2017,2019,"Carysfort Shallow",1.21358443789075,24,"TotalCor",55,45.3202911002976
2018,2017,2019,"DC1",1.3652824926271,27,"AGAR",3,2.19734744728716
2018,2017,2019,"DC1",1.3652824926271,27,"FAVI",0,0
2018,2017,2019,"DC1",1.3652824926271,27,"PORI",14,10.2542880873401
2018,2017,2019,"DC1",1.3652824926271,27,"SIDE",2,1.46489829819144
2018,2017,2019,"DC1",1.3652824926271,27,"Other",0,0
2018,2017,2019,"DC1",1.3652824926271,27,"UNKS",1,0.732449149095719
2018,2017,2019,"DC1",1.3652824926271,27,"TotalSto",20,14.6489829819144
2018,2017,2019,"DC1",1.3652824926271,27,"TotalOct",2,1.46489829819144
2018,2017,2019,"DC1",1.3652824926271,27,"TotalCor",22,16.1138812801058
2018,2017,2019,"DC2",1.56754656560889,31,"AGAR",3,1.91381874441139
2018,2017,2019,"DC2",1.56754656560889,31,"FAVI",0,0
2018,2017,2019,"DC2",1.56754656560889,31,"PORI",14,8.9311541405865
2018,2017,2019,"DC2",1.56754656560889,31,"SIDE",120,76.5527497764557
2018,2017,2019,"DC2",1.56754656560889,31,"Other",0,0
2018,2017,2019,"DC2",1.56754656560889,31,"UNKS",43,27.43140200323
2018,2017,2019,"DC2",1.56754656560889,31,"TotalSto",180,114.829124664684
2018,2017,2019,"DC2",1.56754656560889,31,"TotalOct",8,5.10351665176372
2018,2017,2019,"DC2",1.56754656560889,31,"TotalCor",188,119.932641316447
2018,2017,2019,"DC3",1.51698054736344,30,"AGAR",0,0
2018,2017,2019,"DC3",1.51698054736344,30,"FAVI",0,0
2018,2017,2019,"DC3",1.51698054736344,30,"PORI",5,3.29602117093073
2018,2017,2019,"DC3",1.51698054736344,30,"SIDE",179,117.99755791932
2018,2017,2019,"DC3",1.51698054736344,30,"Other",0,0
2018,2017,2019,"DC3",1.51698054736344,30,"UNKS",127,83.7189377416406
2018,2017,2019,"DC3",1.51698054736344,30,"TotalSto",311,205.012516831892
2018,2017,2019,"DC3",1.51698054736344,30,"TotalOct",12,7.91045081023376
2018,2017,2019,"DC3",1.51698054736344,30,"TotalCor",323,212.922967642125
2018,2017,2019,"DC4",1.61811258385434,32,"AGAR",3,1.85401190864854
2018,2017,2019,"DC4",1.61811258385434,32,"FAVI",0,0
2018,2017,2019,"DC4",1.61811258385434,32,"PORI",7,4.32602778684659
2018,2017,2019,"DC4",1.61811258385434,32,"SIDE",97,59.9463850463027
2018,2017,2019,"DC4",1.61811258385434,32,"Other",0,0
2018,2017,2019,"DC4",1.61811258385434,32,"UNKS",78,48.204309624862
2018,2017,2019,"DC4",1.61811258385434,32,"TotalSto",185,114.33073436666
2018,2017,2019,"DC4",1.61811258385434,32,"TotalOct",8,4.9440317563961
2018,2017,2019,"DC4",1.61811258385434,32,"TotalCor",193,119.274766123056
2018,2017,2019,"DC5",1.41584851087255,28,"AGAR",11,7.76919276005101
2018,2017,2019,"DC5",1.41584851087255,28,"FAVI",0,0
2018,2017,2019,"DC5",1.41584851087255,28,"PORI",16,11.3006440146197
2018,2017,2019,"DC5",1.41584851087255,28,"SIDE",19,13.4195147673608
2018,2017,2019,"DC5",1.41584851087255,28,"Other",0,0
2018,2017,2019,"DC5",1.41584851087255,28,"UNKS",21,14.8320952691883
2018,2017,2019,"DC5",1.41584851087255,28,"TotalSto",67,47.3214468112198
2018,2017,2019,"DC5",1.41584851087255,28,"TotalOct",3,2.11887075274119
2018,2017,2019,"DC5",1.41584851087255,28,"TotalCor",70,49.440317563961
2018,2017,2019,"DC6",1.3652824926271,27,"AGAR",1,0.732449149095719
2018,2017,2019,"DC6",1.3652824926271,27,"FAVI",0,0
2018,2017,2019,"DC6",1.3652824926271,27,"PORI",26,19.0436778764887
2018,2017,2019,"DC6",1.3652824926271,27,"SIDE",0,0
2018,2017,2019,"DC6",1.3652824926271,27,"Other",0,0
2018,2017,2019,"DC6",1.3652824926271,27,"UNKS",2,1.46489829819144
2018,2017,2019,"DC6",1.3652824926271,27,"TotalSto",29,21.2410253237758
2018,2017,2019,"DC6",1.3652824926271,27,"TotalOct",0,0
2018,2017,2019,"DC6",1.3652824926271,27,"TotalCor",29,21.2410253237758
2018,2017,2019,"DC7",1.56754656560889,31,"AGAR",0,0
2018,2017,2019,"DC7",1.56754656560889,31,"FAVI",0,0
2018,2017,2019,"DC7",1.56754656560889,31,"PORI",18,11.4829124664684
2018,2017,2019,"DC7",1.56754656560889,31,"SIDE",173,110.36354759439
2018,2017,2019,"DC7",1.56754656560889,31,"Other",0,0
2018,2017,2019,"DC7",1.56754656560889,31,"UNKS",40,25.5175832588186
2018,2017,2019,"DC7",1.56754656560889,31,"TotalSto",231,147.364043319677
2018,2017,2019,"DC7",1.56754656560889,31,"TotalOct",4,2.55175832588186
2018,2017,2019,"DC7",1.56754656560889,31,"TotalCor",235,149.915801645559
2018,2017,2019,"DC8",1.466414529118,29,"AGAR",0,0
2018,2017,2019,"DC8",1.466414529118,29,"FAVI",0,0
2018,2017,2019,"DC8",1.466414529118,29,"PORI",2,1.36387082935065
2018,2017,2019,"DC8",1.466414529118,29,"SIDE",16,10.9109666348052
2018,2017,2019,"DC8",1.466414529118,29,"Other",0,0
2018,2017,2019,"DC8",1.466414529118,29,"UNKS",13,8.86516039077921
2018,2017,2019,"DC8",1.466414529118,29,"TotalSto",31,21.139997854935
2018,2017,2019,"DC8",1.466414529118,29,"TotalOct",158,107.745795518701
2018,2017,2019,"DC8",1.466414529118,29,"TotalCor",189,128.885793373636
2018,2017,2019,"Dustan Rocks",1.466414529118,29,"AGAR",1,0.681935414675324
2018,2017,2019,"Dustan Rocks",1.466414529118,29,"FAVI",1,0.681935414675324
2018,2017,2019,"Dustan Rocks",1.466414529118,29,"PORI",18,12.2748374641558
2018,2017,2019,"Dustan Rocks",1.466414529118,29,"SIDE",612,417.344473781298
2018,2017,2019,"Dustan Rocks",1.466414529118,29,"Other",0,0
2018,2017,2019,"Dustan Rocks",1.466414529118,29,"UNKS",316,215.491591037402
2018,2017,2019,"Dustan Rocks",1.466414529118,29,"TotalSto",948,646.474773112207
2018,2017,2019,"Dustan Rocks",1.466414529118,29,"TotalOct",7,4.77354790272727
2018,2017,2019,"Dustan Rocks",1.466414529118,29,"TotalCor",1903,1297.72309412714
2018,2017,2019,"Molasses Deep",1.21358443789075,24,"AGAR",8,6.59204234186147
2018,2017,2019,"Molasses Deep",1.21358443789075,24,"FAVI",1,0.824005292732683
2018,2017,2019,"Molasses Deep",1.21358443789075,24,"PORI",39,32.1362064165747
2018,2017,2019,"Molasses Deep",1.21358443789075,24,"SIDE",26,21.4241376110498
2018,2017,2019,"Molasses Deep",1.21358443789075,24,"Other",0,0
2018,2017,2019,"Molasses Deep",1.21358443789075,24,"UNKS",5,4.12002646366342
2018,2017,2019,"Molasses Deep",1.21358443789075,24,"TotalSto",79,65.096418125882
2018,2017,2019,"Molasses Deep",1.21358443789075,24,"TotalOct",8,6.59204234186147
2018,2017,2019,"Molasses Deep",1.21358443789075,24,"TotalCor",166,136.784878593625
2018,2017,2019,"Molasses Shallow",1.2641504561362,25,"AGAR",34,26.8955327547948
2018,2017,2019,"Molasses Shallow",1.2641504561362,25,"FAVI",2,1.58209016204675
2018,2017,2019,"Molasses Shallow",1.2641504561362,25,"PORI",12,9.49254097228051
2018,2017,2019,"Molasses Shallow",1.2641504561362,25,"SIDE",2,1.58209016204675
2018,2017,2019,"Molasses Shallow",1.2641504561362,25,"Other",0,0
2018,2017,2019,"Molasses Shallow",1.2641504561362,25,"UNKS",11,8.70149589125714
2018,2017,2019,"Molasses Shallow",1.2641504561362,25,"TotalSto",61,48.2537499424259
2018,2017,2019,"Molasses Shallow",1.2641504561362,25,"TotalOct",5,3.95522540511688
2018,2017,2019,"Molasses Shallow",1.2641504561362,25,"TotalCor",127,100.462725289969
2018,2017,2019,"Porter Patch",1.56754656560889,31,"AGAR",3,1.91381874441139
2018,2017,2019,"Porter Patch",1.56754656560889,31,"FAVI",1,0.637939581470465
2018,2017,2019,"Porter Patch",1.56754656560889,31,"PORI",4,2.55175832588186
2018,2017,2019,"Porter Patch",1.56754656560889,31,"SIDE",30,19.1381874441139
2018,2017,2019,"Porter Patch",1.56754656560889,31,"Other",0,0
2018,2017,2019,"Porter Patch",1.56754656560889,31,"UNKS",34,21.6899457699958
2018,2017,2019,"Porter Patch",1.56754656560889,31,"TotalSto",72,45.9316498658734
2018,2017,2019,"Porter Patch",1.56754656560889,31,"TotalOct",3,1.91381874441139
2018,2017,2019,"Porter Patch",1.56754656560889,31,"TotalCor",147,93.7771184761583
2018,2017,2019,"Red Dun Reef",1.61811258385434,32,"AGAR",4,2.47201587819805
2018,2017,2019,"Red Dun Reef",1.61811258385434,32,"FAVI",0,0
2018,2017,2019,"Red Dun Reef",1.61811258385434,32,"PORI",15,9.27005954324269
2018,2017,2019,"Red Dun Reef",1.61811258385434,32,"SIDE",983,607.497902067171
2018,2017,2019,"Red Dun Reef",1.61811258385434,32,"Other",2,1.23600793909903
2018,2017,2019,"Red Dun Reef",1.61811258385434,32,"UNKS",607,375.128409516554
2018,2017,2019,"Red Dun Reef",1.61811258385434,32,"TotalSto",1611,995.604394944265
2018,2017,2019,"Red Dun Reef",1.61811258385434,32,"TotalOct",10,6.18003969549513
2018,2017,2019,"Red Dun Reef",1.61811258385434,32,"TotalCor",3232,1997.38882958402
2018,2017,2019,"Sand Key Deep",1.56754656560889,31,"AGAR",11,7.01733539617511
2018,2017,2019,"Sand Key Deep",1.56754656560889,31,"FAVI",1,0.637939581470465
2018,2017,2019,"Sand Key Deep",1.56754656560889,31,"PORI",26,16.5864291182321
2018,2017,2019,"Sand Key Deep",1.56754656560889,31,"SIDE",7,4.46557707029325
2018,2017,2019,"Sand Key Deep",1.56754656560889,31,"Other",0,0
2018,2017,2019,"Sand Key Deep",1.56754656560889,31,"UNKS",5,3.18969790735232
2018,2017,2019,"Sand Key Deep",1.56754656560889,31,"TotalSto",50,31.8969790735232
2018,2017,2019,"Sand Key Deep",1.56754656560889,31,"TotalOct",11,7.01733539617511
2018,2017,2019,"Sand Key Deep",1.56754656560889,31,"TotalCor",111,70.8112935432216
2018,2017,2019,"Sand Key Shallow",1.466414529118,29,"AGAR",28,19.0941916109091
2018,2017,2019,"Sand Key Shallow",1.466414529118,29,"FAVI",1,0.681935414675324
2018,2017,2019,"Sand Key Shallow",1.466414529118,29,"PORI",60,40.9161248805194
2018,2017,2019,"Sand Key Shallow",1.466414529118,29,"SIDE",5,3.40967707337662
2018,2017,2019,"Sand Key Shallow",1.466414529118,29,"Other",0,0
2018,2017,2019,"Sand Key Shallow",1.466414529118,29,"UNKS",6,4.09161248805195
2018,2017,2019,"Sand Key Shallow",1.466414529118,29,"TotalSto",100,68.1935414675324
2018,2017,2019,"Sand Key Shallow",1.466414529118,29,"TotalOct",1,0.681935414675324
2018,2017,2019,"Sand Key Shallow",1.466414529118,29,"TotalCor",201,137.06901834974
2018,2017,2019,"Sombrero Deep",1.2641504561362,25,"AGAR",23,18.1940368635376
2018,2017,2019,"Sombrero Deep",1.2641504561362,25,"FAVI",5,3.95522540511688
2018,2017,2019,"Sombrero Deep",1.2641504561362,25,"PORI",24,18.985081944561
2018,2017,2019,"Sombrero Deep",1.2641504561362,25,"SIDE",436,344.895655326192
2018,2017,2019,"Sombrero Deep",1.2641504561362,25,"Other",2,1.58209016204675
2018,2017,2019,"Sombrero Deep",1.2641504561362,25,"UNKS",161,127.358258044764
2018,2017,2019,"Sombrero Deep",1.2641504561362,25,"TotalSto",651,514.970347746218
2018,2017,2019,"Sombrero Deep",1.2641504561362,25,"TotalOct",5,3.95522540511688
2018,2017,2019,"Sombrero Deep",1.2641504561362,25,"TotalCor",1307,1033.89592089755
2018,2017,2019,"Sombrero Shallow",1.41584851087255,28,"AGAR",34,24.0138685310668
2018,2017,2019,"Sombrero Shallow",1.41584851087255,28,"FAVI",0,0
2018,2017,2019,"Sombrero Shallow",1.41584851087255,28,"PORI",9,6.35661225822356
2018,2017,2019,"Sombrero Shallow",1.41584851087255,28,"SIDE",55,38.8459638002551
2018,2017,2019,"Sombrero Shallow",1.41584851087255,28,"Other",0,0
2018,2017,2019,"Sombrero Shallow",1.41584851087255,28,"UNKS",17,12.0069342655334
2018,2017,2019,"Sombrero Shallow",1.41584851087255,28,"TotalSto",115,81.2233788550788
2018,2017,2019,"Sombrero Shallow",1.41584851087255,28,"TotalOct",0,0
2018,2017,2019,"Sombrero Shallow",1.41584851087255,28,"TotalCor",230,162.446757710158
2018,2017,2019,"Tennessee Deep",0.758490273681721,15,"AGAR",20,26.3681693674459
2018,2017,2019,"Tennessee Deep",0.758490273681721,15,"FAVI",0,0
2018,2017,2019,"Tennessee Deep",0.758490273681721,15,"PORI",5,6.59204234186147
2018,2017,2019,"Tennessee Deep",0.758490273681721,15,"SIDE",104,137.114480710719
2018,2017,2019,"Tennessee Deep",0.758490273681721,15,"Other",0,0
2018,2017,2019,"Tennessee Deep",0.758490273681721,15,"UNKS",16,21.0945354939567
2018,2017,2019,"Tennessee Deep",0.758490273681721,15,"TotalSto",145,191.169227913983
2018,2017,2019,"Tennessee Deep",0.758490273681721,15,"TotalOct",0,0
2018,2017,2019,"Tennessee Deep",0.758490273681721,15,"TotalCor",290,382.338455827965
2018,2017,2019,"Tennessee Shallow",0.910188328418066,18,"AGAR",2,2.19734744728716
2018,2017,2019,"Tennessee Shallow",0.910188328418066,18,"FAVI",1,1.09867372364358
2018,2017,2019,"Tennessee Shallow",0.910188328418066,18,"PORI",12,13.1840846837229
2018,2017,2019,"Tennessee Shallow",0.910188328418066,18,"SIDE",89,97.7819614042784
2018,2017,2019,"Tennessee Shallow",0.910188328418066,18,"Other",0,0
2018,2017,2019,"Tennessee Shallow",0.910188328418066,18,"UNKS",109,119.75543587715
2018,2017,2019,"Tennessee Shallow",0.910188328418066,18,"TotalSto",213,234.017503136082
2018,2017,2019,"Tennessee Shallow",0.910188328418066,18,"TotalOct",4,4.39469489457431
2018,2017,2019,"Tennessee Shallow",0.910188328418066,18,"TotalCor",430,472.429701166738
2018,2017,2019,"West Turtle Shoal",1.56754656560889,31,"AGAR",43,27.43140200323
2018,2017,2019,"West Turtle Shoal",1.56754656560889,31,"FAVI",1,0.637939581470465
2018,2017,2019,"West Turtle Shoal",1.56754656560889,31,"PORI",24,15.3105499552911
2018,2017,2019,"West Turtle Shoal",1.56754656560889,31,"SIDE",410,261.55522840289
2018,2017,2019,"West Turtle Shoal",1.56754656560889,31,"Other",0,0
2018,2017,2019,"West Turtle Shoal",1.56754656560889,31,"UNKS",190,121.208520479388
2018,2017,2019,"West Turtle Shoal",1.56754656560889,31,"TotalSto",668,426.14364042227
2018,2017,2019,"West Turtle Shoal",1.56754656560889,31,"TotalOct",8,5.10351665176372
2018,2017,2019,"West Turtle Shoal",1.56754656560889,31,"TotalCor",1344,857.390797496304
2018,2017,2019,"West Washerwoman",1.61811258385434,32,"AGAR",0,0
2018,2017,2019,"West Washerwoman",1.61811258385434,32,"FAVI",1,0.618003969549513
2018,2017,2019,"West Washerwoman",1.61811258385434,32,"PORI",30,18.5401190864854
2018,2017,2019,"West Washerwoman",1.61811258385434,32,"SIDE",1621,1001.78443463976
2018,2017,2019,"West Washerwoman",1.61811258385434,32,"Other",0,0
2018,2017,2019,"West Washerwoman",1.61811258385434,32,"UNKS",1565,967.176212344987
2018,2017,2019,"West Washerwoman",1.61811258385434,32,"TotalSto",3217,1988.11877004078
2018,2017,2019,"West Washerwoman",1.61811258385434,32,"TotalOct",2,1.23600793909903
2018,2017,2019,"West Washerwoman",1.61811258385434,32,"TotalCor",6520,4029.38588146282
2018,2017,2019,"Western Sambo Deep",1.466414529118,29,"AGAR",24,16.3664499522078
2018,2017,2019,"Western Sambo Deep",1.466414529118,29,"FAVI",3,2.04580624402597
2018,2017,2019,"Western Sambo Deep",1.466414529118,29,"PORI",20,13.6387082935065
2018,2017,2019,"Western Sambo Deep",1.466414529118,29,"SIDE",51,34.7787061484415
2018,2017,2019,"Western Sambo Deep",1.466414529118,29,"Other",0,0
2018,2017,2019,"Western Sambo Deep",1.466414529118,29,"UNKS",7,4.77354790272727
2018,2017,2019,"Western Sambo Deep",1.466414529118,29,"TotalSto",105,71.603218540909
2018,2017,2019,"Western Sambo Deep",1.466414529118,29,"TotalOct",19,12.9567728788312
2018,2017,2019,"Western Sambo Deep",1.466414529118,29,"TotalCor",229,156.163209960649
2018,2017,2019,"Western Sambo Shallow",1.2641504561362,25,"AGAR",16,12.656721296374
2018,2017,2019,"Western Sambo Shallow",1.2641504561362,25,"FAVI",2,1.58209016204675
2018,2017,2019,"Western Sambo Shallow",1.2641504561362,25,"PORI",27,21.3582171876312
2018,2017,2019,"Western Sambo Shallow",1.2641504561362,25,"SIDE",10,7.91045081023376
2018,2017,2019,"Western Sambo Shallow",1.2641504561362,25,"Other",0,0
2018,2017,2019,"Western Sambo Shallow",1.2641504561362,25,"UNKS",14,11.0746311343273
2018,2017,2019,"Western Sambo Shallow",1.2641504561362,25,"TotalSto",69,54.5821105906129
2018,2017,2019,"Western Sambo Shallow",1.2641504561362,25,"TotalOct",1,0.791045081023376
2018,2017,2019,"Western Sambo Shallow",1.2641504561362,25,"TotalCor",139,109.955266262249
